episode_id,learning_type,objective_default_config,selected_config,predicted_default_utility,predicted_selected_utility,predicted_gain,observed_default_utility,observed_selected_utility,realized_gain
compiler::causal_mapping::causal_0006,causal_mapping,middle__all__r16,full__all__r4,0.4252173761147243,0.4387400885281743,0.013522712413449989,0.4577402135231316,0.4235172004744958,-0.034223013048635786
compiler::causal_mapping::causal_0010,causal_mapping,middle__all__r16,full__all__r4,0.348222102280586,0.3657995735226699,0.01757747124208392,0.3846283115856069,0.3618129695531831,-0.022815342032423802
compiler::causal_mapping::causal_0022,causal_mapping,middle__all__r16,full__all__r4,0.408712805927497,0.4240006478791871,0.01528784195169014,0.4849248714907078,0.4877026492684855,0.0027777777777777124
compiler::causal_mapping::causal_0026,causal_mapping,middle__all__r16,full__all__r4,0.4271332444724474,0.435134576591988,0.008001332119540627,0.404665875840253,0.4849248714907078,0.0802589956504548
compiler::causal_mapping::causal_0027,causal_mapping,middle__all__r16,full__all__r4,0.3522206410677247,0.3633117815283023,0.011091140460577575,0.3327402135231316,0.33214709371293,-0.0005931198102016033
compiler::causal_mapping::causal_0034,causal_mapping,middle__all__r16,full__all__r4,0.3765969571415095,0.3845617213258974,0.007964764184387907,0.3688513246342427,0.3602214313958086,-0.008629893238434105
compiler::causal_mapping::causal_0036,causal_mapping,middle__all__r16,full__all__r4,0.4269974063377036,0.4411923490870797,0.014194942749376105,0.4605179913009094,0.4537761961249505,-0.006741795175958909
compiler::causal_mapping::causal_0039,causal_mapping,middle__all__r16,full__all__r4,0.3930118858526447,0.4017759758061164,0.008764089953471721,0.3719256623171214,0.3599248714907078,-0.012000790826413588
compiler::causal_mapping::causal_0044,causal_mapping,middle__all__r16,full__all__r4,0.3687087100898236,0.3768028289485812,0.008094118858757604,0.3685547647291419,0.33214709371293,-0.036407671016211895
compiler::causal_mapping::causal_0045,causal_mapping,middle__all__r16,full__all__r4,0.4648940299088633,0.4691082207523414,0.004214190843478072,0.487514827995255,0.498220640569395,0.01070581257414005
compiler::causal_mapping::causal_0047,causal_mapping,middle__all__r16,full__all__r4,0.3420935559003065,0.3576724632743095,0.015578907374003026,0.3327402135231316,0.3318505338078292,-0.000889679715302405
compiler::causal_mapping::causal_0053,causal_mapping,middle__all__r16,full__all__r4,0.4442753447393445,0.4585241530620484,0.01424880832270392,0.4583333333333333,0.4438513246342427,-0.01448200869909061
compiler::causal_mapping::causal_0064,causal_mapping,middle__all__r16,full__all__r4,0.3740747761951414,0.3800440683274757,0.005969292132334325,0.3333333333333333,0.3182582048240411,-0.015075128509292213
compiler::causal_mapping::causal_0074,causal_mapping,middle__all__r16,full__all__r4,0.3653420469374649,0.3738805209746259,0.008538474037160959,0.3694444444444444,0.3460359826018189,-0.023408461842625516
compiler::causal_mapping::causal_0077,causal_mapping,middle__all__r16,full__all__r4,0.3442184828112956,0.3588966613146933,0.014678178503397699,0.3327402135231316,0.3324436536180308,-0.00029655990510080166
compiler::causal_mapping::causal_0079,causal_mapping,middle__all__r16,full__all__r4,0.3805525449856329,0.3943164912877257,0.013763946302092822,0.3716291024120205,0.38214709371293,0.010517991300909468
compiler::causal_mapping::causal_0089,causal_mapping,middle__all__r16,full__all__r4,0.3719384799829976,0.3857989904597594,0.01386051047676179,0.3913701067615658,0.3741103202846975,-0.017259786476868322
compiler::causal_mapping::causal_0090,causal_mapping,middle__all__r16,full__all__r4,0.3488942244408777,0.3691773453493836,0.020283120908505925,0.3629992091735864,0.420739422696718,0.05774021352313158
compiler::causal_mapping::causal_0101,causal_mapping,middle__all__r16,full__all__r4,0.3559879226459065,0.3679020024582483,0.011914079812341771,0.3043693159351522,0.3726275207591933,0.0682582048240411
compiler::causal_mapping::causal_0114,causal_mapping,middle__all__r16,full__all__r4,0.3747638528712416,0.3810782449152909,0.006314392044049322,0.3611111111111111,0.3463325425069197,-0.014778568604191411
compiler::lexical_binding::lexical_0002,lexical_binding,late__all__r16,full__all__r4,0.5775149495236394,0.5777869308385545,0.0002719813149151262,0.5895907473309608,0.5441478845393436,-0.045442862791617245
compiler::lexical_binding::lexical_0004,lexical_binding,late__all__r16,full__all__r4,0.4888183937611083,0.4986645861962083,0.009846192435099987,0.59644128113879,0.5874060893633848,-0.009035191775405238
compiler::lexical_binding::lexical_0014,lexical_binding,late__all__r16,full__all__r4,0.5686155931935739,0.5706221335655166,0.0020065403719427,0.5208481613285884,0.5384045077105575,0.017556346381969123
compiler::lexical_binding::lexical_0038,lexical_binding,late__all__r16,full__all__r4,0.6083086767225068,0.6294306222581703,0.02112194553566349,0.5322558323448003,0.5605179913009094,0.028262158956109062
compiler::lexical_binding::lexical_0062,lexical_binding,late__all__r16,full__all__r4,0.560393341202278,0.5643958505092064,0.004002509306928359,0.5809608540925267,0.550701858442072,-0.030258995650454756
compiler::lexical_binding::lexical_0073,lexical_binding,late__all__r16,full__all__r4,0.5355096509374954,0.5448747281721057,0.00936507723461033,0.5421807038355081,0.5759984183471728,0.03381771451166471
compiler::lexical_binding::lexical_0077,lexical_binding,late__all__r16,full__all__r4,0.5055515639793625,0.511698782186996,0.006147218207633531,0.4437722419928825,0.4238137603795966,-0.019958481613285894
compiler::lexical_binding::lexical_0091,lexical_binding,late__all__r16,full__all__r4,0.4423754851631134,0.4455293099474286,0.0031538247843151956,0.4306642941874258,0.4374060893633847,0.006741795175958909
compiler::lexical_binding::lexical_0098,lexical_binding,late__all__r16,full__all__r4,0.573777530782197,0.5774406779310878,0.003663147148890822,0.4384045077105575,0.4145907473309608,-0.023813760379596705
compiler::lexical_binding::lexical_0114,lexical_binding,late__all__r16,full__all__r4,0.5196182839915264,0.5205398272336048,0.000921543242078382,0.4637010676156583,0.4154804270462633,-0.04822064056939501
compiler::procedural_reasoning::procedural_0011,procedural_reasoning,full__all__r4,middle__all__r16,0.324272621544505,0.3263774261782262,0.0021048046337212023,0.3040727560300514,0.3632957690786872,0.05922301304863581
compiler::procedural_reasoning::procedural_0014,procedural_reasoning,full__all__r4,middle__all__r16,0.2980348574350245,0.2993506956287898,0.0013158381937652952,0.3031830763147489,0.2799624357453538,-0.0232206405693951
compiler::procedural_reasoning::procedural_0015,procedural_reasoning,full__all__r4,middle__all__r16,0.2984866908523535,0.2993616867666454,0.000874995914291854,0.3176650850138395,0.3445531830763148,0.026888098062475274
compiler::procedural_reasoning::procedural_0040,procedural_reasoning,full__all__r4,middle__all__r16,0.2976026253156428,0.301060077517827,0.003457452202184186,0.3318505338078292,0.2790727560300514,-0.05277777777777781
compiler::procedural_reasoning::procedural_0050,procedural_reasoning,full__all__r4,middle__all__r16,0.3069854462380753,0.3104544152437837,0.003468969005708422,0.33214709371293,0.2488137603795966,-0.0833333333333334
compiler::procedural_reasoning::procedural_0057,procedural_reasoning,full__all__r4,middle__all__r16,0.2872992702126006,0.2874983284991992,0.00019905828659860791,0.2904804270462633,0.2713325425069197,-0.01914788453934363
compiler::procedural_reasoning::procedural_0063,procedural_reasoning,full__all__r4,middle__all__r16,0.3302736526904725,0.3321658063333105,0.0018921536428380126,0.3710359826018189,0.2657769869513642,-0.10525899565045471
compiler::procedural_reasoning::procedural_0064,procedural_reasoning,full__all__r4,middle__all__r16,0.2902749544020168,0.2933923242156518,0.003117369813635029,0.2627026492684856,0.248220640569395,-0.014482008699090582
compiler::procedural_reasoning::procedural_0075,procedural_reasoning,full__all__r4,middle__all__r16,0.3135717320616402,0.3158736749925567,0.002301942930916512,0.2793693159351522,0.2852214313958086,0.005852115460656393
compiler::procedural_reasoning::procedural_0080,procedural_reasoning,full__all__r4,middle__all__r16,0.2993672094495408,0.3052252067794967,0.0058579973299559,0.2627026492684856,0.2879992091735864,0.025296559905100824
compiler::procedural_reasoning::procedural_0090,procedural_reasoning,full__all__r4,middle__all__r16,0.3188011703828231,0.324044147449932,0.0052429770671089115,0.2904804270462633,0.2657769869513642,-0.02470344009489911
compiler::procedural_reasoning::procedural_0110,procedural_reasoning,full__all__r4,middle__all__r16,0.3058828924185889,0.3089346566563786,0.003051764237789689,0.3170719652036378,0.2748121787267694,-0.0422597864768684
