group_type,group_value,n_units,oracle_config_set,count,rate
overall,all,100,early__all__r16,16,0.16
overall,all,100,early__all__r16|full__all__r4,1,0.01
overall,all,100,full__all__r4,21,0.21
overall,all,100,late__all__r16,21,0.21
overall,all,100,middle__all__r16,41,0.41
learning_type,behavioral_policy,20,full__all__r4,8,0.4
learning_type,behavioral_policy,20,late__all__r16,9,0.45
learning_type,behavioral_policy,20,middle__all__r16,3,0.15
learning_type,causal_mapping,20,full__all__r4,2,0.1
learning_type,causal_mapping,20,late__all__r16,3,0.15
learning_type,causal_mapping,20,middle__all__r16,15,0.75
learning_type,factual_association,20,early__all__r16,3,0.15
learning_type,factual_association,20,early__all__r16|full__all__r4,1,0.05
learning_type,factual_association,20,full__all__r4,6,0.3
learning_type,factual_association,20,late__all__r16,8,0.4
learning_type,factual_association,20,middle__all__r16,2,0.1
learning_type,lexical_binding,20,early__all__r16,13,0.65
learning_type,lexical_binding,20,full__all__r4,5,0.25
learning_type,lexical_binding,20,middle__all__r16,2,0.1
learning_type,procedural_reasoning,20,late__all__r16,1,0.05
learning_type,procedural_reasoning,20,middle__all__r16,19,0.95
