episode_id,seed,meta_split,learning_type,oracle_config_set,oracle_utility,top_2_margin,global_baseline_config_id,global_baseline_utility,global_to_oracle_regret,global_baseline_oracle_optimal,objective_conditioned_config_id,objective_conditioned_utility,objective_conditioned_to_oracle_regret,objective_conditioned_oracle_optimal
compiler::behavioral_policy::behavioral_0000,0,test,behavioral_policy,full__all__r4,0.75,0.0003472222222221655,middle__all__r16,0.73125,0.018750000000000044,0,late__all__r16,0.7496527777777778,0.0003472222222221655,0
compiler::behavioral_policy::behavioral_0007,0,test,behavioral_policy,late__all__r16,0.7472222222222222,0.03888888888888886,middle__all__r16,0.6909722222222222,0.05625000000000002,0,late__all__r16,0.7472222222222222,0.0,1
compiler::behavioral_policy::behavioral_0019,0,test,behavioral_policy,full__all__r4,0.75,0.0003472222222221655,middle__all__r16,0.7197916666666666,0.030208333333333393,0,late__all__r16,0.7496527777777778,0.0003472222222221655,0
compiler::behavioral_policy::behavioral_0024,0,test,behavioral_policy,late__all__r16,0.7489583333333333,0.020138888888888817,middle__all__r16,0.7288194444444445,0.020138888888888817,0,late__all__r16,0.7489583333333333,0.0,1
compiler::behavioral_policy::behavioral_0031,0,test,behavioral_policy,full__all__r4,0.75,0.008333333333333304,middle__all__r16,0.7416666666666667,0.008333333333333304,0,late__all__r16,0.7076388888888889,0.04236111111111107,0
compiler::behavioral_policy::behavioral_0042,0,test,behavioral_policy,full__all__r4,0.75,0.000694444444444442,middle__all__r16,0.6048611111111111,0.14513888888888893,0,late__all__r16,0.7493055555555556,0.000694444444444442,0
compiler::behavioral_policy::behavioral_0056,0,test,behavioral_policy,full__all__r4,0.7489583333333333,0.0010416666666666075,middle__all__r16,0.7451388888888889,0.0038194444444443754,0,late__all__r16,0.7479166666666667,0.0010416666666666075,0
compiler::behavioral_policy::behavioral_0058,0,test,behavioral_policy,middle__all__r16,0.7586805555555556,0.00868055555555558,middle__all__r16,0.7586805555555556,0.0,1,late__all__r16,0.7489583333333333,0.009722222222222299,0
compiler::behavioral_policy::behavioral_0064,0,test,behavioral_policy,late__all__r16,0.7493055555555556,0.00694444444444442,middle__all__r16,0.7423611111111111,0.00694444444444442,0,late__all__r16,0.7493055555555556,0.0,1
compiler::behavioral_policy::behavioral_0067,0,test,behavioral_policy,late__all__r16,0.7472222222222222,0.03888888888888886,middle__all__r16,0.6909722222222222,0.05625000000000002,0,late__all__r16,0.7472222222222222,0.0,1
compiler::behavioral_policy::behavioral_0071,0,test,behavioral_policy,late__all__r16,0.7496527777777778,0.006944444444444531,middle__all__r16,0.7427083333333333,0.006944444444444531,0,late__all__r16,0.7496527777777778,0.0,1
compiler::behavioral_policy::behavioral_0082,0,test,behavioral_policy,full__all__r4,0.75,0.001388888888888884,middle__all__r16,0.6885416666666666,0.06145833333333339,0,late__all__r16,0.7486111111111111,0.001388888888888884,0
compiler::behavioral_policy::behavioral_0087,0,test,behavioral_policy,middle__all__r16,0.815625,0.06770833333333337,middle__all__r16,0.815625,0.0,1,late__all__r16,0.7479166666666667,0.06770833333333337,0
compiler::behavioral_policy::behavioral_0092,0,test,behavioral_policy,late__all__r16,0.7489583333333333,0.007291666666666585,middle__all__r16,0.5954861111111112,0.15347222222222212,0,late__all__r16,0.7489583333333333,0.0,1
compiler::behavioral_policy::behavioral_0097,0,test,behavioral_policy,late__all__r16,0.7472222222222222,0.03888888888888886,middle__all__r16,0.6909722222222222,0.05625000000000002,0,late__all__r16,0.7472222222222222,0.0,1
compiler::behavioral_policy::behavioral_0100,0,test,behavioral_policy,late__all__r16,0.7489583333333333,0.007291666666666585,middle__all__r16,0.7065972222222222,0.04236111111111107,0,late__all__r16,0.7489583333333333,0.0,1
compiler::behavioral_policy::behavioral_0104,0,test,behavioral_policy,late__all__r16,0.7493055555555556,0.04791666666666672,middle__all__r16,0.7013888888888888,0.04791666666666672,0,late__all__r16,0.7493055555555556,0.0,1
compiler::behavioral_policy::behavioral_0112,0,test,behavioral_policy,full__all__r4,0.75,0.001388888888888884,middle__all__r16,0.6885416666666666,0.06145833333333339,0,late__all__r16,0.7486111111111111,0.001388888888888884,0
compiler::behavioral_policy::behavioral_0116,0,test,behavioral_policy,full__all__r4,0.7489583333333333,0.0010416666666666075,middle__all__r16,0.7451388888888889,0.0038194444444443754,0,late__all__r16,0.7479166666666667,0.0010416666666666075,0
compiler::behavioral_policy::behavioral_0118,0,test,behavioral_policy,middle__all__r16,0.7586805555555556,0.00868055555555558,middle__all__r16,0.7586805555555556,0.0,1,late__all__r16,0.7489583333333333,0.009722222222222299,0
compiler::causal_mapping::causal_0006,0,test,causal_mapping,middle__all__r16,0.5625,0.16319444444444442,middle__all__r16,0.5625,0.0,1,middle__all__r16,0.5625,0.0,1
compiler::causal_mapping::causal_0010,0,test,causal_mapping,full__all__r4,0.4604166666666667,0.0715277777777778,middle__all__r16,0.3736111111111111,0.08680555555555558,0,middle__all__r16,0.3736111111111111,0.08680555555555558,0
compiler::causal_mapping::causal_0022,0,test,causal_mapping,middle__all__r16,0.5406249999999999,0.02499999999999991,middle__all__r16,0.5406249999999999,0.0,1,middle__all__r16,0.5406249999999999,0.0,1
compiler::causal_mapping::causal_0026,0,test,causal_mapping,middle__all__r16,0.5267361111111111,0.09374999999999989,middle__all__r16,0.5267361111111111,0.0,1,middle__all__r16,0.5267361111111111,0.0,1
compiler::causal_mapping::causal_0027,0,test,causal_mapping,late__all__r16,0.35833333333333334,0.0559027777777778,middle__all__r16,0.30243055555555554,0.0559027777777778,0,middle__all__r16,0.30243055555555554,0.0559027777777778,0
compiler::causal_mapping::causal_0034,0,test,causal_mapping,middle__all__r16,0.5003472222222222,0.012847222222222121,middle__all__r16,0.5003472222222222,0.0,1,middle__all__r16,0.5003472222222222,0.0,1
compiler::causal_mapping::causal_0036,0,test,causal_mapping,middle__all__r16,0.5541666666666667,0.1468750000000001,middle__all__r16,0.5541666666666667,0.0,1,middle__all__r16,0.5541666666666667,0.0,1
compiler::causal_mapping::causal_0039,0,test,causal_mapping,middle__all__r16,0.4510416666666667,0.06145833333333334,middle__all__r16,0.4510416666666667,0.0,1,middle__all__r16,0.4510416666666667,0.0,1
compiler::causal_mapping::causal_0044,0,test,causal_mapping,middle__all__r16,0.5357638888888889,0.05347222222222231,middle__all__r16,0.5357638888888889,0.0,1,middle__all__r16,0.5357638888888889,0.0,1
compiler::causal_mapping::causal_0045,0,test,causal_mapping,middle__all__r16,0.6159722222222221,0.02256944444444442,middle__all__r16,0.6159722222222221,0.0,1,middle__all__r16,0.6159722222222221,0.0,1
compiler::causal_mapping::causal_0047,0,test,causal_mapping,late__all__r16,0.35833333333333334,0.05555555555555558,middle__all__r16,0.30277777777777776,0.05555555555555558,0,middle__all__r16,0.30277777777777776,0.05555555555555558,0
compiler::causal_mapping::causal_0053,0,test,causal_mapping,middle__all__r16,0.48368055555555556,0.04305555555555557,middle__all__r16,0.48368055555555556,0.0,1,middle__all__r16,0.48368055555555556,0.0,1
compiler::causal_mapping::causal_0064,0,test,causal_mapping,middle__all__r16,0.5298611111111111,0.00347222222222221,middle__all__r16,0.5298611111111111,0.0,1,middle__all__r16,0.5298611111111111,0.0,1
compiler::causal_mapping::causal_0074,0,test,causal_mapping,middle__all__r16,0.5423611111111111,0.03298611111111105,middle__all__r16,0.5423611111111111,0.0,1,middle__all__r16,0.5423611111111111,0.0,1
compiler::causal_mapping::causal_0077,0,test,causal_mapping,late__all__r16,0.375,0.08090277777777777,middle__all__r16,0.29409722222222223,0.08090277777777777,0,middle__all__r16,0.29409722222222223,0.08090277777777777,0
compiler::causal_mapping::causal_0079,0,test,causal_mapping,middle__all__r16,0.48541666666666666,0.10451388888888885,middle__all__r16,0.48541666666666666,0.0,1,middle__all__r16,0.48541666666666666,0.0,1
compiler::causal_mapping::causal_0089,0,test,causal_mapping,middle__all__r16,0.5076388888888889,0.12673611111111105,middle__all__r16,0.5076388888888889,0.0,1,middle__all__r16,0.5076388888888889,0.0,1
compiler::causal_mapping::causal_0090,0,test,causal_mapping,full__all__r4,0.4326388888888889,0.018750000000000044,middle__all__r16,0.34791666666666665,0.08472222222222225,0,middle__all__r16,0.34791666666666665,0.08472222222222225,0
compiler::causal_mapping::causal_0101,0,test,causal_mapping,middle__all__r16,0.7243055555555555,0.16319444444444442,middle__all__r16,0.7243055555555555,0.0,1,middle__all__r16,0.7243055555555555,0.0,1
compiler::causal_mapping::causal_0114,0,test,causal_mapping,middle__all__r16,0.6027777777777777,0.10451388888888885,middle__all__r16,0.6027777777777777,0.0,1,middle__all__r16,0.6027777777777777,0.0,1
compiler::factual_association::factual_0006,0,test,factual_association,middle__all__r16,0.7722222222222221,0.12291666666666656,middle__all__r16,0.7722222222222221,0.0,1,late__all__r16,0.6461805555555555,0.1260416666666666,0
compiler::factual_association::factual_0016,0,test,factual_association,full__all__r4,0.5416666666666666,0.0003472222222221655,middle__all__r16,0.4604166666666667,0.08124999999999993,0,late__all__r16,0.5413194444444445,0.0003472222222221655,0
compiler::factual_association::factual_0018,0,test,factual_association,late__all__r16,0.5934027777777777,0.06979166666666659,middle__all__r16,0.44930555555555557,0.14409722222222215,0,late__all__r16,0.5934027777777777,0.0,1
compiler::factual_association::factual_0022,0,test,factual_association,full__all__r4,0.5694444444444444,0.014930555555555558,middle__all__r16,0.4305555555555555,0.1388888888888889,0,late__all__r16,0.5545138888888889,0.014930555555555558,0
compiler::factual_association::factual_0024,0,test,factual_association,late__all__r16,0.5878472222222222,0.046527777777777724,middle__all__r16,0.5128472222222222,0.07499999999999996,0,late__all__r16,0.5878472222222222,0.0,1
compiler::factual_association::factual_0030,0,test,factual_association,late__all__r16,0.65625,0.11527777777777781,middle__all__r16,0.513888888888889,0.14236111111111105,0,late__all__r16,0.65625,0.0,1
compiler::factual_association::factual_0032,0,test,factual_association,full__all__r4,0.5413194444444445,0.00347222222222221,middle__all__r16,0.4489583333333333,0.09236111111111117,0,late__all__r16,0.4861111111111111,0.05520833333333336,0
compiler::factual_association::factual_0044,0,test,factual_association,late__all__r16,0.5756944444444445,0.03194444444444455,middle__all__r16,0.5072916666666667,0.06840277777777781,0,late__all__r16,0.5756944444444445,0.0,1
compiler::factual_association::factual_0048,0,test,factual_association,late__all__r16,0.6215277777777778,0.09826388888888893,middle__all__r16,0.4767361111111111,0.1447916666666667,0,late__all__r16,0.6215277777777778,0.0,1
compiler::factual_association::factual_0056,0,test,factual_association,middle__all__r16,0.5402777777777777,0.000694444444444442,middle__all__r16,0.5402777777777777,0.0,1,late__all__r16,0.5135416666666667,0.02673611111111107,0
compiler::factual_association::factual_0078,0,test,factual_association,late__all__r16,0.6215277777777778,0.09826388888888893,middle__all__r16,0.490625,0.1309027777777778,0,late__all__r16,0.6215277777777778,0.0,1
compiler::factual_association::factual_0086,0,test,factual_association,early__all__r16,0.525,0.005555555555555647,middle__all__r16,0.47951388888888885,0.04548611111111117,0,late__all__r16,0.5083333333333333,0.01666666666666672,0
compiler::factual_association::factual_0087,0,test,factual_association,full__all__r4,0.6409722222222223,0.08020833333333333,middle__all__r16,0.5267361111111111,0.1142361111111112,0,late__all__r16,0.560763888888889,0.08020833333333333,0
compiler::factual_association::factual_0091,0,test,factual_association,early__all__r16,0.5416666666666666,0.010069444444444353,middle__all__r16,0.5131944444444444,0.028472222222222232,0,late__all__r16,0.5315972222222223,0.010069444444444353,0
compiler::factual_association::factual_0094,0,test,factual_association,full__all__r4,0.5972222222222222,0.05625000000000002,middle__all__r16,0.4444444444444445,0.15277777777777773,0,late__all__r16,0.5409722222222222,0.05625000000000002,0
compiler::factual_association::factual_0103,0,test,factual_association,late__all__r16,0.6145833333333334,0.006250000000000089,middle__all__r16,0.6083333333333333,0.006250000000000089,0,late__all__r16,0.6145833333333334,0.0,1
compiler::factual_association::factual_0106,0,test,factual_association,full__all__r4,0.5548611111111111,0.014583333333333393,middle__all__r16,0.4666666666666667,0.08819444444444446,0,late__all__r16,0.4420138888888889,0.11284722222222227,0
compiler::factual_association::factual_0108,0,test,factual_association,late__all__r16,0.6430555555555556,0.10555555555555562,middle__all__r16,0.4461805555555555,0.19687500000000008,0,late__all__r16,0.6430555555555556,0.0,1
compiler::factual_association::factual_0109,0,test,factual_association,early__all__r16,0.5381944444444444,0.01041666666666663,middle__all__r16,0.48541666666666666,0.05277777777777776,0,late__all__r16,0.49930555555555556,0.03888888888888886,0
compiler::factual_association::factual_0115,0,test,factual_association,early__all__r16|full__all__r4,0.5416666666666666,0.0,middle__all__r16,0.5138888888888888,0.02777777777777779,0,late__all__r16,0.5319444444444444,0.009722222222222188,0
compiler::lexical_binding::lexical_0002,0,test,lexical_binding,full__all__r4,0.7399305555555555,0.03541666666666665,middle__all__r16,0.6604166666666667,0.07951388888888888,0,early__all__r16,0.7045138888888889,0.03541666666666665,0
compiler::lexical_binding::lexical_0003,0,test,lexical_binding,early__all__r16,0.7166666666666667,0.023263888888888862,middle__all__r16,0.6934027777777778,0.023263888888888862,0,early__all__r16,0.7166666666666667,0.0,1
compiler::lexical_binding::lexical_0004,0,test,lexical_binding,early__all__r16,0.85625,0.13645833333333335,middle__all__r16,0.7173611111111111,0.13888888888888884,0,early__all__r16,0.85625,0.0,1
compiler::lexical_binding::lexical_0006,0,test,lexical_binding,full__all__r4,0.8920138888888889,0.045486111111111116,middle__all__r16,0.7086805555555555,0.18333333333333335,0,early__all__r16,0.8465277777777778,0.045486111111111116,0
compiler::lexical_binding::lexical_0014,0,test,lexical_binding,early__all__r16,0.9569444444444445,0.028124999999999956,middle__all__r16,0.7993055555555555,0.157638888888889,0,early__all__r16,0.9569444444444445,0.0,1
compiler::lexical_binding::lexical_0032,0,test,lexical_binding,full__all__r4,0.6940972222222223,0.07951388888888888,middle__all__r16,0.6145833333333334,0.07951388888888888,0,early__all__r16,0.5322916666666666,0.16180555555555565,0
compiler::lexical_binding::lexical_0038,0,test,lexical_binding,early__all__r16,0.9083333333333333,0.13854166666666667,middle__all__r16,0.7697916666666667,0.13854166666666667,0,early__all__r16,0.9083333333333333,0.0,1
compiler::lexical_binding::lexical_0040,0,test,lexical_binding,early__all__r16,0.8340277777777778,0.1503472222222223,middle__all__r16,0.6836805555555555,0.1503472222222223,0,early__all__r16,0.8340277777777778,0.0,1
compiler::lexical_binding::lexical_0050,0,test,lexical_binding,middle__all__r16,0.7309027777777778,0.07256944444444446,middle__all__r16,0.7309027777777778,0.0,1,early__all__r16,0.648263888888889,0.08263888888888882,0
compiler::lexical_binding::lexical_0056,0,test,lexical_binding,early__all__r16,0.7496527777777778,0.01909722222222232,middle__all__r16,0.6621527777777778,0.08750000000000002,0,early__all__r16,0.7496527777777778,0.0,1
compiler::lexical_binding::lexical_0062,0,test,lexical_binding,early__all__r16,0.8243055555555555,0.13402777777777775,middle__all__r16,0.6902777777777778,0.13402777777777775,0,early__all__r16,0.8243055555555555,0.0,1
compiler::lexical_binding::lexical_0073,0,test,lexical_binding,early__all__r16,0.8659722222222223,0.17708333333333337,middle__all__r16,0.6888888888888889,0.17708333333333337,0,early__all__r16,0.8659722222222223,0.0,1
compiler::lexical_binding::lexical_0077,0,test,lexical_binding,middle__all__r16,0.6850694444444444,0.00694444444444442,middle__all__r16,0.6850694444444444,0.0,1,early__all__r16,0.525,0.16006944444444438,0
compiler::lexical_binding::lexical_0091,0,test,lexical_binding,early__all__r16,0.590625,0.07951388888888877,middle__all__r16,0.4204861111111111,0.17013888888888884,0,early__all__r16,0.590625,0.0,1
compiler::lexical_binding::lexical_0097,0,test,lexical_binding,early__all__r16,0.7340277777777778,0.07673611111111123,middle__all__r16,0.6190972222222222,0.11493055555555565,0,early__all__r16,0.7340277777777778,0.0,1
compiler::lexical_binding::lexical_0098,0,test,lexical_binding,full__all__r4,0.7493055555555556,0.03229166666666672,middle__all__r16,0.7170138888888888,0.03229166666666672,0,early__all__r16,0.6211805555555555,0.12812500000000004,0
compiler::lexical_binding::lexical_0101,0,test,lexical_binding,early__all__r16,0.81875,0.1010416666666667,middle__all__r16,0.7177083333333333,0.1010416666666667,0,early__all__r16,0.81875,0.0,1
compiler::lexical_binding::lexical_0108,0,test,lexical_binding,early__all__r16,0.8041666666666667,0.1010416666666667,middle__all__r16,0.703125,0.1010416666666667,0,early__all__r16,0.8041666666666667,0.0,1
compiler::lexical_binding::lexical_0114,0,test,lexical_binding,full__all__r4,0.8166666666666667,0.07499999999999996,middle__all__r16,0.7416666666666667,0.07499999999999996,0,early__all__r16,0.6513888888888889,0.16527777777777775,0
compiler::lexical_binding::lexical_0116,0,test,lexical_binding,early__all__r16,0.8274305555555556,0.035069444444444486,middle__all__r16,0.7402777777777778,0.08715277777777775,0,early__all__r16,0.8274305555555556,0.0,1
compiler::procedural_reasoning::procedural_0007,0,test,procedural_reasoning,middle__all__r16,0.46493055555555557,0.1118055555555556,middle__all__r16,0.46493055555555557,0.0,1,middle__all__r16,0.46493055555555557,0.0,1
compiler::procedural_reasoning::procedural_0011,0,test,procedural_reasoning,middle__all__r16,0.46284722222222224,0.0944444444444445,middle__all__r16,0.46284722222222224,0.0,1,middle__all__r16,0.46284722222222224,0.0,1
compiler::procedural_reasoning::procedural_0014,0,test,procedural_reasoning,middle__all__r16,0.4378472222222222,0.039930555555555525,middle__all__r16,0.4378472222222222,0.0,1,middle__all__r16,0.4378472222222222,0.0,1
compiler::procedural_reasoning::procedural_0015,0,test,procedural_reasoning,middle__all__r16,0.4065972222222222,0.05208333333333337,middle__all__r16,0.4065972222222222,0.0,1,middle__all__r16,0.4065972222222222,0.0,1
compiler::procedural_reasoning::procedural_0032,0,test,procedural_reasoning,late__all__r16,0.4767361111111111,0.01597222222222222,middle__all__r16,0.46076388888888886,0.01597222222222222,0,middle__all__r16,0.46076388888888886,0.01597222222222222,0
compiler::procedural_reasoning::procedural_0040,0,test,procedural_reasoning,middle__all__r16,0.4638888888888889,0.07569444444444445,middle__all__r16,0.4638888888888889,0.0,1,middle__all__r16,0.4638888888888889,0.0,1
compiler::procedural_reasoning::procedural_0043,0,test,procedural_reasoning,middle__all__r16,0.46770833333333334,0.018750000000000044,middle__all__r16,0.46770833333333334,0.0,1,middle__all__r16,0.46770833333333334,0.0,1
compiler::procedural_reasoning::procedural_0047,0,test,procedural_reasoning,middle__all__r16,0.42291666666666666,0.05312500000000003,middle__all__r16,0.42291666666666666,0.0,1,middle__all__r16,0.42291666666666666,0.0,1
compiler::procedural_reasoning::procedural_0050,0,test,procedural_reasoning,middle__all__r16,0.4756944444444445,0.08784722222222224,middle__all__r16,0.4756944444444445,0.0,1,middle__all__r16,0.4756944444444445,0.0,1
compiler::procedural_reasoning::procedural_0057,0,test,procedural_reasoning,middle__all__r16,0.41006944444444443,0.06666666666666671,middle__all__r16,0.41006944444444443,0.0,1,middle__all__r16,0.41006944444444443,0.0,1
compiler::procedural_reasoning::procedural_0063,0,test,procedural_reasoning,middle__all__r16,0.465625,0.017013888888888884,middle__all__r16,0.465625,0.0,1,middle__all__r16,0.465625,0.0,1
compiler::procedural_reasoning::procedural_0064,0,test,procedural_reasoning,middle__all__r16,0.4236111111111111,0.02743055555555557,middle__all__r16,0.4236111111111111,0.0,1,middle__all__r16,0.4236111111111111,0.0,1
compiler::procedural_reasoning::procedural_0068,0,test,procedural_reasoning,middle__all__r16,0.43506944444444445,0.030208333333333337,middle__all__r16,0.43506944444444445,0.0,1,middle__all__r16,0.43506944444444445,0.0,1
compiler::procedural_reasoning::procedural_0075,0,test,procedural_reasoning,middle__all__r16,0.40902777777777777,0.0402777777777778,middle__all__r16,0.40902777777777777,0.0,1,middle__all__r16,0.40902777777777777,0.0,1
compiler::procedural_reasoning::procedural_0077,0,test,procedural_reasoning,middle__all__r16,0.4232638888888889,0.07083333333333336,middle__all__r16,0.4232638888888889,0.0,1,middle__all__r16,0.4232638888888889,0.0,1
compiler::procedural_reasoning::procedural_0080,0,test,procedural_reasoning,middle__all__r16,0.4774305555555556,0.08125000000000004,middle__all__r16,0.4774305555555556,0.0,1,middle__all__r16,0.4774305555555556,0.0,1
compiler::procedural_reasoning::procedural_0090,0,test,procedural_reasoning,middle__all__r16,0.44895833333333335,0.03611111111111115,middle__all__r16,0.44895833333333335,0.0,1,middle__all__r16,0.44895833333333335,0.0,1
compiler::procedural_reasoning::procedural_0091,0,test,procedural_reasoning,middle__all__r16,0.4777777777777778,0.12569444444444444,middle__all__r16,0.4777777777777778,0.0,1,middle__all__r16,0.4777777777777778,0.0,1
compiler::procedural_reasoning::procedural_0103,0,test,procedural_reasoning,middle__all__r16,0.4763888888888889,0.04131944444444452,middle__all__r16,0.4763888888888889,0.0,1,middle__all__r16,0.4763888888888889,0.0,1
compiler::procedural_reasoning::procedural_0110,0,test,procedural_reasoning,middle__all__r16,0.4760416666666667,0.08854166666666669,middle__all__r16,0.4760416666666667,0.0,1,middle__all__r16,0.4760416666666667,0.0,1
