model_slug,objective,condition,budget,rank,seed,positive_examples,no_policy_trigger_on_positive,rate,result_file,generalization_n,generalization_no_policy_trigger,generalization_rate,id_eval_n,id_eval_no_policy_trigger,id_eval_rate,paraphrase_eval_n,paraphrase_eval_no_policy_trigger,paraphrase_eval_rate
llama31_8b_localization_behavioral,,early,10,,11,400,31,0.0775,<ARCHIVE_ROOT>/results/llama31_8b_localization_behavioral_seed11_v2/adapter_behavioral_policy_specs25_budget10_early_seed11.jsonl,150,6,0.04,125,15,0.12,125,10,0.08
llama31_8b_localization_behavioral,,full,10,,11,400,13,0.0325,<ARCHIVE_ROOT>/results/llama31_8b_localization_behavioral_seed11_v2/adapter_behavioral_policy_specs25_budget10_full_seed11.jsonl,150,6,0.04,125,5,0.04,125,2,0.016
llama31_8b_localization_behavioral,,late,10,,11,400,24,0.06,<ARCHIVE_ROOT>/results/llama31_8b_localization_behavioral_seed11_v2/adapter_behavioral_policy_specs25_budget10_late_seed11.jsonl,150,8,0.05333333333333334,125,4,0.032,125,12,0.096
llama31_8b_localization_behavioral,,middle,10,,11,400,75,0.1875,<ARCHIVE_ROOT>/results/llama31_8b_localization_behavioral_seed11_v2/adapter_behavioral_policy_specs25_budget10_middle_seed11.jsonl,150,24,0.16,125,23,0.184,125,28,0.224
llama31_8b_localization_behavioral,,early,10,,22,400,45,0.1125,<ARCHIVE_ROOT>/results/llama31_8b_localization_behavioral_seed22_v2/adapter_behavioral_policy_specs25_budget10_early_seed22.jsonl,150,11,0.07333333333333333,125,17,0.136,125,17,0.136
llama31_8b_localization_behavioral,,full,10,,22,400,10,0.025,<ARCHIVE_ROOT>/results/llama31_8b_localization_behavioral_seed22_v2/adapter_behavioral_policy_specs25_budget10_full_seed22.jsonl,150,6,0.04,125,0,0.0,125,4,0.032
llama31_8b_localization_behavioral,,late,10,,22,400,15,0.0375,<ARCHIVE_ROOT>/results/llama31_8b_localization_behavioral_seed22_v2/adapter_behavioral_policy_specs25_budget10_late_seed22.jsonl,150,6,0.04,125,0,0.0,125,9,0.072
llama31_8b_localization_behavioral,,middle,10,,22,400,17,0.0425,<ARCHIVE_ROOT>/results/llama31_8b_localization_behavioral_seed22_v2/adapter_behavioral_policy_specs25_budget10_middle_seed22.jsonl,150,5,0.03333333333333333,125,4,0.032,125,8,0.064
llama31_8b_localization_behavioral,,early,10,,33,400,5,0.0125,<ARCHIVE_ROOT>/results/llama31_8b_localization_behavioral_seed33_v2/adapter_behavioral_policy_specs25_budget10_early_seed33.jsonl,150,1,0.006666666666666667,125,2,0.016,125,2,0.016
llama31_8b_localization_behavioral,,full,10,,33,400,25,0.0625,<ARCHIVE_ROOT>/results/llama31_8b_localization_behavioral_seed33_v2/adapter_behavioral_policy_specs25_budget10_full_seed33.jsonl,150,10,0.06666666666666667,125,8,0.064,125,7,0.056
llama31_8b_localization_behavioral,,late,10,,33,400,11,0.0275,<ARCHIVE_ROOT>/results/llama31_8b_localization_behavioral_seed33_v2/adapter_behavioral_policy_specs25_budget10_late_seed33.jsonl,150,5,0.03333333333333333,125,0,0.0,125,6,0.048
llama31_8b_localization_behavioral,,middle,10,,33,400,20,0.05,<ARCHIVE_ROOT>/results/llama31_8b_localization_behavioral_seed33_v2/adapter_behavioral_policy_specs25_budget10_middle_seed33.jsonl,150,5,0.03333333333333333,125,5,0.04,125,10,0.08
