model_slug,objective,condition,budget,rank,seed,source_file,split,strict_accuracy,no_effect_prediction_rate,first_label_no_effect_rate,n
llama31_8b_localization_causal,causal_mapping,early,10,,11,<ARCHIVE_ROOT>/results/llama31_8b_localization_causal_seed11_v2/adapter_causal_mapping_specs25_budget10_early_seed11.jsonl,generalization,0.5466666666666666,0.0,0.0,150
llama31_8b_localization_causal,causal_mapping,early,10,,11,<ARCHIVE_ROOT>/results/llama31_8b_localization_causal_seed11_v2/adapter_causal_mapping_specs25_budget10_early_seed11.jsonl,id_eval,0.936,0.0,0.0,125
llama31_8b_localization_causal,causal_mapping,early,10,,11,<ARCHIVE_ROOT>/results/llama31_8b_localization_causal_seed11_v2/adapter_causal_mapping_specs25_budget10_early_seed11.jsonl,negative_control,0.18666666666666668,0.18666666666666668,0.18666666666666668,150
llama31_8b_localization_causal,causal_mapping,early,10,,11,<ARCHIVE_ROOT>/results/llama31_8b_localization_causal_seed11_v2/adapter_causal_mapping_specs25_budget10_early_seed11.jsonl,paraphrase_eval,0.736,0.0,0.0,125
llama31_8b_localization_causal,causal_mapping,early,10,,22,<ARCHIVE_ROOT>/results/llama31_8b_localization_causal_seed22_v2/adapter_causal_mapping_specs25_budget10_early_seed22.jsonl,generalization,0.66,0.0,0.0,150
llama31_8b_localization_causal,causal_mapping,early,10,,22,<ARCHIVE_ROOT>/results/llama31_8b_localization_causal_seed22_v2/adapter_causal_mapping_specs25_budget10_early_seed22.jsonl,id_eval,1.0,0.0,0.0,125
llama31_8b_localization_causal,causal_mapping,early,10,,22,<ARCHIVE_ROOT>/results/llama31_8b_localization_causal_seed22_v2/adapter_causal_mapping_specs25_budget10_early_seed22.jsonl,negative_control,0.3333333333333333,0.3333333333333333,0.3333333333333333,150
llama31_8b_localization_causal,causal_mapping,early,10,,22,<ARCHIVE_ROOT>/results/llama31_8b_localization_causal_seed22_v2/adapter_causal_mapping_specs25_budget10_early_seed22.jsonl,paraphrase_eval,0.952,0.0,0.0,125
llama31_8b_localization_causal,causal_mapping,early,10,,33,<ARCHIVE_ROOT>/results/llama31_8b_localization_causal_seed33_v2/adapter_causal_mapping_specs25_budget10_early_seed33.jsonl,generalization,0.44666666666666666,0.0,0.0,150
llama31_8b_localization_causal,causal_mapping,early,10,,33,<ARCHIVE_ROOT>/results/llama31_8b_localization_causal_seed33_v2/adapter_causal_mapping_specs25_budget10_early_seed33.jsonl,id_eval,1.0,0.0,0.0,125
llama31_8b_localization_causal,causal_mapping,early,10,,33,<ARCHIVE_ROOT>/results/llama31_8b_localization_causal_seed33_v2/adapter_causal_mapping_specs25_budget10_early_seed33.jsonl,negative_control,0.3333333333333333,0.3333333333333333,0.3333333333333333,150
llama31_8b_localization_causal,causal_mapping,early,10,,33,<ARCHIVE_ROOT>/results/llama31_8b_localization_causal_seed33_v2/adapter_causal_mapping_specs25_budget10_early_seed33.jsonl,paraphrase_eval,0.984,0.0,0.0,125
llama31_8b_localization_causal,causal_mapping,full,10,,11,<ARCHIVE_ROOT>/results/llama31_8b_localization_causal_seed11_v2/adapter_causal_mapping_specs25_budget10_full_seed11.jsonl,generalization,0.8666666666666667,0.0,0.0,150
llama31_8b_localization_causal,causal_mapping,full,10,,11,<ARCHIVE_ROOT>/results/llama31_8b_localization_causal_seed11_v2/adapter_causal_mapping_specs25_budget10_full_seed11.jsonl,id_eval,1.0,0.0,0.0,125
llama31_8b_localization_causal,causal_mapping,full,10,,11,<ARCHIVE_ROOT>/results/llama31_8b_localization_causal_seed11_v2/adapter_causal_mapping_specs25_budget10_full_seed11.jsonl,negative_control,0.5,0.5,0.5,150
llama31_8b_localization_causal,causal_mapping,full,10,,11,<ARCHIVE_ROOT>/results/llama31_8b_localization_causal_seed11_v2/adapter_causal_mapping_specs25_budget10_full_seed11.jsonl,paraphrase_eval,1.0,0.0,0.0,125
llama31_8b_localization_causal,causal_mapping,full,10,,22,<ARCHIVE_ROOT>/results/llama31_8b_localization_causal_seed22_v2/adapter_causal_mapping_specs25_budget10_full_seed22.jsonl,generalization,0.7,0.0,0.0,150
llama31_8b_localization_causal,causal_mapping,full,10,,22,<ARCHIVE_ROOT>/results/llama31_8b_localization_causal_seed22_v2/adapter_causal_mapping_specs25_budget10_full_seed22.jsonl,id_eval,1.0,0.0,0.0,125
llama31_8b_localization_causal,causal_mapping,full,10,,22,<ARCHIVE_ROOT>/results/llama31_8b_localization_causal_seed22_v2/adapter_causal_mapping_specs25_budget10_full_seed22.jsonl,negative_control,0.5,0.5,0.5,150
llama31_8b_localization_causal,causal_mapping,full,10,,22,<ARCHIVE_ROOT>/results/llama31_8b_localization_causal_seed22_v2/adapter_causal_mapping_specs25_budget10_full_seed22.jsonl,paraphrase_eval,1.0,0.0,0.0,125
llama31_8b_localization_causal,causal_mapping,full,10,,33,<ARCHIVE_ROOT>/results/llama31_8b_localization_causal_seed33_v2/adapter_causal_mapping_specs25_budget10_full_seed33.jsonl,generalization,0.84,0.0,0.0,150
llama31_8b_localization_causal,causal_mapping,full,10,,33,<ARCHIVE_ROOT>/results/llama31_8b_localization_causal_seed33_v2/adapter_causal_mapping_specs25_budget10_full_seed33.jsonl,id_eval,1.0,0.0,0.0,125
llama31_8b_localization_causal,causal_mapping,full,10,,33,<ARCHIVE_ROOT>/results/llama31_8b_localization_causal_seed33_v2/adapter_causal_mapping_specs25_budget10_full_seed33.jsonl,negative_control,0.5,0.5,0.5,150
llama31_8b_localization_causal,causal_mapping,full,10,,33,<ARCHIVE_ROOT>/results/llama31_8b_localization_causal_seed33_v2/adapter_causal_mapping_specs25_budget10_full_seed33.jsonl,paraphrase_eval,1.0,0.0,0.0,125
llama31_8b_localization_causal,causal_mapping,late,10,,11,<ARCHIVE_ROOT>/results/llama31_8b_localization_causal_seed11_v2/adapter_causal_mapping_specs25_budget10_late_seed11.jsonl,generalization,0.6066666666666667,0.0,0.0,150
llama31_8b_localization_causal,causal_mapping,late,10,,11,<ARCHIVE_ROOT>/results/llama31_8b_localization_causal_seed11_v2/adapter_causal_mapping_specs25_budget10_late_seed11.jsonl,id_eval,0.992,0.0,0.0,125
llama31_8b_localization_causal,causal_mapping,late,10,,11,<ARCHIVE_ROOT>/results/llama31_8b_localization_causal_seed11_v2/adapter_causal_mapping_specs25_budget10_late_seed11.jsonl,negative_control,0.46,0.46,0.46,150
llama31_8b_localization_causal,causal_mapping,late,10,,11,<ARCHIVE_ROOT>/results/llama31_8b_localization_causal_seed11_v2/adapter_causal_mapping_specs25_budget10_late_seed11.jsonl,paraphrase_eval,0.88,0.0,0.0,125
llama31_8b_localization_causal,causal_mapping,late,10,,22,<ARCHIVE_ROOT>/results/llama31_8b_localization_causal_seed22_v2/adapter_causal_mapping_specs25_budget10_late_seed22.jsonl,generalization,0.6266666666666667,0.0,0.0,150
llama31_8b_localization_causal,causal_mapping,late,10,,22,<ARCHIVE_ROOT>/results/llama31_8b_localization_causal_seed22_v2/adapter_causal_mapping_specs25_budget10_late_seed22.jsonl,id_eval,0.984,0.0,0.0,125
llama31_8b_localization_causal,causal_mapping,late,10,,22,<ARCHIVE_ROOT>/results/llama31_8b_localization_causal_seed22_v2/adapter_causal_mapping_specs25_budget10_late_seed22.jsonl,negative_control,0.44,0.44,0.44,150
llama31_8b_localization_causal,causal_mapping,late,10,,22,<ARCHIVE_ROOT>/results/llama31_8b_localization_causal_seed22_v2/adapter_causal_mapping_specs25_budget10_late_seed22.jsonl,paraphrase_eval,0.952,0.0,0.0,125
llama31_8b_localization_causal,causal_mapping,late,10,,33,<ARCHIVE_ROOT>/results/llama31_8b_localization_causal_seed33_v2/adapter_causal_mapping_specs25_budget10_late_seed33.jsonl,generalization,0.5666666666666667,0.0,0.0,150
llama31_8b_localization_causal,causal_mapping,late,10,,33,<ARCHIVE_ROOT>/results/llama31_8b_localization_causal_seed33_v2/adapter_causal_mapping_specs25_budget10_late_seed33.jsonl,id_eval,1.0,0.0,0.0,125
llama31_8b_localization_causal,causal_mapping,late,10,,33,<ARCHIVE_ROOT>/results/llama31_8b_localization_causal_seed33_v2/adapter_causal_mapping_specs25_budget10_late_seed33.jsonl,negative_control,0.44,0.44,0.44,150
llama31_8b_localization_causal,causal_mapping,late,10,,33,<ARCHIVE_ROOT>/results/llama31_8b_localization_causal_seed33_v2/adapter_causal_mapping_specs25_budget10_late_seed33.jsonl,paraphrase_eval,0.968,0.0,0.0,125
llama31_8b_localization_causal,causal_mapping,middle,10,,11,<ARCHIVE_ROOT>/results/llama31_8b_localization_causal_seed11_v2/adapter_causal_mapping_specs25_budget10_middle_seed11.jsonl,generalization,0.6933333333333334,0.0,0.0,150
llama31_8b_localization_causal,causal_mapping,middle,10,,11,<ARCHIVE_ROOT>/results/llama31_8b_localization_causal_seed11_v2/adapter_causal_mapping_specs25_budget10_middle_seed11.jsonl,id_eval,1.0,0.0,0.0,125
llama31_8b_localization_causal,causal_mapping,middle,10,,11,<ARCHIVE_ROOT>/results/llama31_8b_localization_causal_seed11_v2/adapter_causal_mapping_specs25_budget10_middle_seed11.jsonl,negative_control,0.5,0.5,0.5,150
llama31_8b_localization_causal,causal_mapping,middle,10,,11,<ARCHIVE_ROOT>/results/llama31_8b_localization_causal_seed11_v2/adapter_causal_mapping_specs25_budget10_middle_seed11.jsonl,paraphrase_eval,0.976,0.0,0.0,125
llama31_8b_localization_causal,causal_mapping,middle,10,,22,<ARCHIVE_ROOT>/results/llama31_8b_localization_causal_seed22_v2/adapter_causal_mapping_specs25_budget10_middle_seed22.jsonl,generalization,0.68,0.0,0.0,150
llama31_8b_localization_causal,causal_mapping,middle,10,,22,<ARCHIVE_ROOT>/results/llama31_8b_localization_causal_seed22_v2/adapter_causal_mapping_specs25_budget10_middle_seed22.jsonl,id_eval,1.0,0.0,0.0,125
llama31_8b_localization_causal,causal_mapping,middle,10,,22,<ARCHIVE_ROOT>/results/llama31_8b_localization_causal_seed22_v2/adapter_causal_mapping_specs25_budget10_middle_seed22.jsonl,negative_control,0.5,0.5,0.5,150
llama31_8b_localization_causal,causal_mapping,middle,10,,22,<ARCHIVE_ROOT>/results/llama31_8b_localization_causal_seed22_v2/adapter_causal_mapping_specs25_budget10_middle_seed22.jsonl,paraphrase_eval,0.976,0.0,0.0,125
llama31_8b_localization_causal,causal_mapping,middle,10,,33,<ARCHIVE_ROOT>/results/llama31_8b_localization_causal_seed33_v2/adapter_causal_mapping_specs25_budget10_middle_seed33.jsonl,generalization,0.6666666666666666,0.0,0.0,150
llama31_8b_localization_causal,causal_mapping,middle,10,,33,<ARCHIVE_ROOT>/results/llama31_8b_localization_causal_seed33_v2/adapter_causal_mapping_specs25_budget10_middle_seed33.jsonl,id_eval,1.0,0.0,0.0,125
llama31_8b_localization_causal,causal_mapping,middle,10,,33,<ARCHIVE_ROOT>/results/llama31_8b_localization_causal_seed33_v2/adapter_causal_mapping_specs25_budget10_middle_seed33.jsonl,negative_control,0.5,0.5,0.5,150
llama31_8b_localization_causal,causal_mapping,middle,10,,33,<ARCHIVE_ROOT>/results/llama31_8b_localization_causal_seed33_v2/adapter_causal_mapping_specs25_budget10_middle_seed33.jsonl,paraphrase_eval,0.96,0.0,0.0,125
