objective_key,objective_label,budget,localization_condition,acquisition,acquisition_sd,generalization,generalization_sd,boundedness,boundedness_sd,n_seeds
lexical_binding,Lexical,10,full,0.9973333333333333,0.0046188021535170185,0.8488888888888889,0.032885885748775004,0.39666666666666667,0.06333333333333334,3
lexical_binding,Lexical,10,early,0.972,0.02800000000000003,0.4055555555555555,0.09335317249464431,0.68,0.07571877794400364,3
lexical_binding,Lexical,10,middle,0.864,0.01200000000000001,0.5066666666666667,0.0768837506311387,0.44222222222222224,0.043376047324318066,3
lexical_binding,Lexical,10,late,0.7626666666666667,0.012858201014657301,0.5499999999999999,0.014529663145135506,0.33666666666666667,0.003333333333333348,3
factual_association,Factual,8,full,0.896,0.0,0.82,0.0266666666666667,0.3333333333333333,0.029059326290271095,3
factual_association,Factual,8,early,0.324,0.02078460969082649,0.2044444444444444,0.061943821621183816,0.3755555555555555,0.10777205024873017,3
factual_association,Factual,8,middle,0.38000000000000006,0.034641016151377574,0.35333333333333333,0.024037008503093288,0.4688888888888889,0.13668021613050477,3
factual_association,Factual,8,late,0.5213333333333333,0.009237604307034013,0.6311111111111112,0.007698003589194979,0.5711111111111111,0.04438885412319597,3
behavioral_policy,Behavioral,10,full,0.94,0.015999999999999945,0.9422222222222222,0.00769800358919514,0.8955555555555555,0.0731310340973526,3
behavioral_policy,Behavioral,10,early,0.8413333333333334,0.047384948383778276,0.8822222222222221,0.026943012562182435,0.7311111111111112,0.20059171726927566,3
behavioral_policy,Behavioral,10,middle,0.88,0.07277362159464096,0.9044444444444445,0.07953568963632561,0.8577777777777778,0.09714441330841958,3
behavioral_policy,Behavioral,10,late,0.9306666666666666,0.030022213997860526,0.8755555555555556,0.021430335024428825,0.6422222222222222,0.051783023101026844,3
causal_mapping,Causal,10,full,1.0,0.0,0.8022222222222223,0.0895254981265942,0.5,0.0,3
causal_mapping,Causal,10,early,0.9346666666666668,0.08582152022268848,0.5511111111111111,0.10673608852020297,0.28444444444444444,0.08467803948114515,3
causal_mapping,Causal,10,middle,0.9853333333333333,0.004618802153516994,0.68,0.013333333333333405,0.5,0.0,3
causal_mapping,Causal,10,late,0.9626666666666667,0.02444040370643114,0.5866666666666667,0.020000000000000018,0.4466666666666667,0.011547005383792521,3
procedural_reasoning,Procedural,8,full,0.8266666666666668,0.008326663997864522,0.6866666666666666,0.013333333333333336,0.7511111111111112,0.09529680729951813,3
procedural_reasoning,Procedural,8,early,0.7493333333333334,0.030287511177601503,0.3377777777777778,0.06012333003763859,0.43999999999999995,0.08082903768654763,3
procedural_reasoning,Procedural,8,middle,0.7559999999999999,0.04326661530556791,0.6244444444444445,0.09645570850760314,0.7644444444444445,0.10797804989561194,3
procedural_reasoning,Procedural,8,late,0.6,0.021166010488516743,0.5866666666666667,0.0581186525805423,0.82,0.0,3
