episode_id,seed,selected_config_id,oracle_config_id,oracle_config_ids,oracle_config_set,oracle_set_size,selected_observed_utility,oracle_observed_utility,oracle_regret,exact_top1_recovery,oracle_recovery,top_k_recovery,top_k,top_k_oracle_config_ids,selected_predicted_utility,oracle_predicted_utility,full_stack_observed_utility,globally_best_training_config_id,globally_best_training_observed_utility,random_config_id,random_observed_utility,selected_acquisition,oracle_acquisition,selected_transfer,oracle_transfer,selected_boundedness,oracle_boundedness,selected_preservation,oracle_preservation
compiler::behavioral_policy::behavioral_0000,0,late__all__r16,full__all__r4,full__all__r4,full__all__r4,1,0.5997222222222223,0.6,0.0002777777777777102,False,False,True,2,full__all__r4|late__all__r16,0.5999861111111111,0.5999694444444444,0.6,full__all__r4,0.6,early__all__r16,0.3380555555555555,1.0,1.0,1.0,1.0,0.0,0.0,0.9986111111111112,1.0
compiler::behavioral_policy::behavioral_0007,0,late__all__r16,late__all__r16,late__all__r16,late__all__r16,1,0.5977777777777777,0.5977777777777777,0.0,True,True,True,2,full__all__r4|late__all__r16,0.5950222222222227,0.5950222222222227,0.5666666666666667,full__all__r4,0.5666666666666667,late__all__r16,0.5977777777777777,1.0,1.0,1.0,1.0,0.0,0.0,0.9888888888888888,0.9888888888888888
compiler::behavioral_policy::behavioral_0019,0,full__all__r4,full__all__r4,full__all__r4,full__all__r4,1,0.6,0.6,0.0,True,True,True,2,full__all__r4|late__all__r16,0.6,0.6,0.6,full__all__r4,0.6,early__all__r16,0.28888888888888886,1.0,1.0,1.0,1.0,0.0,0.0,1.0,1.0
compiler::behavioral_policy::behavioral_0024,0,late__all__r16,late__all__r16,late__all__r16,late__all__r16,1,0.5991666666666666,0.5991666666666666,0.0,True,True,True,2,late__all__r16|middle__all__r16,0.5977694444444446,0.5977694444444446,0.5594444444444445,full__all__r4,0.5594444444444445,full__all__r4,0.5594444444444445,1.0,1.0,1.0,1.0,0.0,0.0,0.9958333333333332,0.9958333333333332
compiler::behavioral_policy::behavioral_0031,0,full__all__r4,full__all__r4,full__all__r4,full__all__r4,1,0.6,0.6,0.0,True,True,True,2,full__all__r4|middle__all__r16,0.5967194444444445,0.5967194444444445,0.6,full__all__r4,0.6,middle__all__r16,0.5933333333333334,1.0,1.0,1.0,1.0,0.0,0.0,1.0,1.0
compiler::behavioral_policy::behavioral_0042,0,full__all__r4,full__all__r4,full__all__r4,full__all__r4,1,0.6,0.6,0.0,True,True,True,2,full__all__r4|late__all__r16,0.5990138888888888,0.5990138888888888,0.6,full__all__r4,0.6,middle__all__r16,0.48388888888888887,1.0,1.0,1.0,1.0,0.0,0.0,1.0,1.0
compiler::behavioral_policy::behavioral_0056,0,late__all__r16,full__all__r4,full__all__r4,full__all__r4,1,0.5983333333333334,0.5991666666666666,0.0008333333333332416,False,False,True,2,full__all__r4|late__all__r16,0.5983333333333339,0.5980805555555563,0.5991666666666666,full__all__r4,0.5991666666666666,middle__all__r16,0.5961111111111111,1.0,1.0,1.0,1.0,0.0,0.0,0.9916666666666668,0.9958333333333332
compiler::behavioral_policy::behavioral_0058,0,middle__all__r16,middle__all__r16,middle__all__r16,middle__all__r16,1,0.6180555555555556,0.6180555555555556,0.0,True,True,True,2,full__all__r4|middle__all__r16,0.6636916666666658,0.6636916666666658,0.6,full__all__r4,0.6,full__all__r4,0.6,1.0,1.0,1.0,1.0,0.0555555555555555,0.0555555555555555,0.9791666666666666,0.9791666666666666
compiler::behavioral_policy::behavioral_0064,0,late__all__r16,late__all__r16,late__all__r16,late__all__r16,1,0.5994444444444444,0.5994444444444444,0.0,True,True,True,2,late__all__r16|middle__all__r16,0.6,0.6,0.5772222222222222,full__all__r4,0.5772222222222222,early__all__r16,0.25249999999999995,1.0,1.0,1.0,1.0,0.0,0.0,0.9972222222222222,0.9972222222222222
compiler::behavioral_policy::behavioral_0067,0,late__all__r16,late__all__r16,late__all__r16,late__all__r16,1,0.5977777777777777,0.5977777777777777,0.0,True,True,True,2,full__all__r4|late__all__r16,0.5950222222222227,0.5950222222222227,0.5666666666666667,full__all__r4,0.5666666666666667,early__all__r16,0.37333333333333335,1.0,1.0,1.0,1.0,0.0,0.0,0.9888888888888888,0.9888888888888888
compiler::behavioral_policy::behavioral_0071,0,late__all__r16,late__all__r16,late__all__r16,late__all__r16,1,0.5997222222222223,0.5997222222222223,0.0,True,True,True,2,late__all__r16|middle__all__r16,0.597536111111111,0.597536111111111,0.5666666666666667,full__all__r4,0.5666666666666667,early__all__r16,0.31083333333333335,1.0,1.0,1.0,1.0,0.0,0.0,0.9986111111111112,0.9986111111111112
compiler::behavioral_policy::behavioral_0082,0,late__all__r16,full__all__r4,full__all__r4,full__all__r4,1,0.5988888888888889,0.6,0.0011111111111110628,False,False,True,2,full__all__r4|late__all__r16,0.5993194444444445,0.5968583333333333,0.6,full__all__r4,0.6,late__all__r16,0.5988888888888889,1.0,1.0,1.0,1.0,0.0,0.0,0.9944444444444444,1.0
compiler::behavioral_policy::behavioral_0087,0,middle__all__r16,middle__all__r16,middle__all__r16,middle__all__r16,1,0.763611111111111,0.763611111111111,0.0,True,True,True,2,late__all__r16|middle__all__r16,0.7670500000000016,0.7670500000000016,0.5333333333333334,full__all__r4,0.5333333333333334,early__all__r16,0.36,0.8333333333333334,0.8333333333333334,0.888888888888889,0.888888888888889,0.5555555555555555,0.5555555555555555,0.9847222222222222,0.9847222222222222
compiler::behavioral_policy::behavioral_0092,0,full__all__r4,late__all__r16,late__all__r16,late__all__r16,1,0.5933333333333334,0.5991666666666666,0.005833333333333246,False,False,True,2,full__all__r4|late__all__r16,0.5997777777777777,0.5995416666666666,0.5933333333333334,full__all__r4,0.5933333333333334,middle__all__r16,0.47638888888888886,0.9666666666666668,1.0,1.0,1.0,0.0,0.0,1.0,0.9958333333333332
compiler::behavioral_policy::behavioral_0097,0,late__all__r16,late__all__r16,late__all__r16,late__all__r16,1,0.5977777777777777,0.5977777777777777,0.0,True,True,True,2,full__all__r4|late__all__r16,0.5950222222222227,0.5950222222222227,0.5666666666666667,full__all__r4,0.5666666666666667,early__all__r16,0.37333333333333335,1.0,1.0,1.0,1.0,0.0,0.0,0.9888888888888888,0.9888888888888888
compiler::behavioral_policy::behavioral_0100,0,late__all__r16,late__all__r16,late__all__r16,late__all__r16,1,0.5991666666666666,0.5991666666666666,0.0,True,True,True,2,full__all__r4|late__all__r16,0.5974222222222222,0.5974222222222222,0.5933333333333334,full__all__r4,0.5933333333333334,middle__all__r16,0.5652777777777778,1.0,1.0,1.0,1.0,0.0,0.0,0.9958333333333332,0.9958333333333332
compiler::behavioral_policy::behavioral_0104,0,late__all__r16,late__all__r16,late__all__r16,late__all__r16,1,0.5994444444444444,0.5994444444444444,0.0,True,True,True,2,late__all__r16|middle__all__r16,0.5945861111111111,0.5945861111111111,0.5216666666666667,full__all__r4,0.5216666666666667,late__all__r16,0.5994444444444444,1.0,1.0,1.0,1.0,0.0,0.0,0.9972222222222222,0.9972222222222222
compiler::behavioral_policy::behavioral_0112,0,late__all__r16,full__all__r4,full__all__r4,full__all__r4,1,0.5988888888888889,0.6,0.0011111111111110628,False,False,True,2,full__all__r4|late__all__r16,0.5993194444444445,0.5968583333333333,0.6,full__all__r4,0.6,full__all__r4,0.6,1.0,1.0,1.0,1.0,0.0,0.0,0.9944444444444444,1.0
compiler::behavioral_policy::behavioral_0116,0,late__all__r16,full__all__r4,full__all__r4,full__all__r4,1,0.5983333333333334,0.5991666666666666,0.0008333333333332416,False,False,True,2,full__all__r4|late__all__r16,0.5983333333333339,0.5980805555555563,0.5991666666666666,full__all__r4,0.5991666666666666,middle__all__r16,0.5961111111111111,1.0,1.0,1.0,1.0,0.0,0.0,0.9916666666666668,0.9958333333333332
compiler::behavioral_policy::behavioral_0118,0,middle__all__r16,middle__all__r16,middle__all__r16,middle__all__r16,1,0.6180555555555556,0.6180555555555556,0.0,True,True,True,2,full__all__r4|middle__all__r16,0.6636916666666658,0.6636916666666658,0.6,full__all__r4,0.6,late__all__r16,0.5991666666666666,1.0,1.0,1.0,1.0,0.0555555555555555,0.0555555555555555,0.9791666666666666,0.9791666666666666
compiler::causal_mapping::causal_0006,0,middle__all__r16,middle__all__r16,middle__all__r16,middle__all__r16,1,0.49444444444444446,0.49444444444444446,0.0,True,True,True,2,late__all__r16|middle__all__r16,0.41812777777777865,0.41812777777777865,0.32361111111111107,full__all__r4,0.32361111111111107,late__all__r16,0.35277777777777775,0.8333333333333334,0.8333333333333334,0.2222222222222222,0.2222222222222222,0.2222222222222222,0.2222222222222222,0.9722222222222222,0.9722222222222222
compiler::causal_mapping::causal_0010,0,full__all__r4,full__all__r4,full__all__r4,full__all__r4,1,0.42388888888888887,0.42388888888888887,0.0,True,True,True,2,full__all__r4|late__all__r16,0.36404722222222297,0.36404722222222297,0.42388888888888887,full__all__r4,0.42388888888888887,late__all__r16,0.3555555555555555,0.4000000000000001,0.4000000000000001,0.1666666666666666,0.1666666666666666,0.2777777777777777,0.2777777777777777,0.9972222222222222,0.9972222222222222
compiler::causal_mapping::causal_0022,0,late__all__r16,full__all__r4,full__all__r4,full__all__r4,1,0.42222222222222217,0.46805555555555556,0.04583333333333339,False,False,False,2,full__all__r4|middle__all__r16,0.44666944444444423,0.4257000000000005,0.46805555555555556,full__all__r4,0.46805555555555556,middle__all__r16,0.43249999999999994,0.6666666666666666,0.5666666666666668,0.1111111111111111,0.2222222222222222,0.1666666666666666,0.2777777777777777,1.0,0.9958333333333332
compiler::causal_mapping::causal_0026,0,middle__all__r16,middle__all__r16,middle__all__r16,middle__all__r16,1,0.4436111111111112,0.4436111111111112,0.0,True,True,True,2,late__all__r16|middle__all__r16,0.4227694444444451,0.4227694444444451,0.3302777777777777,full__all__r4,0.3302777777777777,early__all__r16,0.21055555555555555,0.7999999999999999,0.7999999999999999,0.2222222222222222,0.2222222222222222,0.1111111111111111,0.1111111111111111,0.9736111111111112,0.9736111111111112
compiler::causal_mapping::causal_0027,0,late__all__r16,late__all__r16,late__all__r16,late__all__r16,1,0.31999999999999995,0.31999999999999995,0.0,True,True,True,2,late__all__r16|middle__all__r16,0.32867222222222187,0.32867222222222187,0.21972222222222224,full__all__r4,0.21972222222222224,late__all__r16,0.31999999999999995,0.2666666666666666,0.2666666666666666,0.0,0.0,0.1666666666666666,0.1666666666666666,1.0,1.0
compiler::causal_mapping::causal_0034,0,full__all__r4,full__all__r4,full__all__r4,full__all__r4,1,0.4455555555555555,0.4455555555555555,0.0,True,True,True,2,full__all__r4|late__all__r16,0.4132638888888892,0.4132638888888892,0.4455555555555555,full__all__r4,0.4455555555555555,early__all__r16,0.20249999999999999,0.5666666666666668,0.5666666666666668,0.1111111111111111,0.1111111111111111,0.2777777777777777,0.2777777777777777,0.9944444444444444,0.9944444444444444
compiler::causal_mapping::causal_0036,0,middle__all__r16,middle__all__r16,middle__all__r16,middle__all__r16,1,0.4655555555555556,0.4655555555555556,0.0,True,True,True,2,full__all__r4|middle__all__r16,0.4129444444444451,0.4129444444444451,0.3591666666666666,full__all__r4,0.3591666666666666,late__all__r16,0.35277777777777775,0.7999999999999999,0.7999999999999999,0.3333333333333333,0.3333333333333333,0.1111111111111111,0.1111111111111111,0.9722222222222222,0.9722222222222222
compiler::causal_mapping::causal_0039,0,middle__all__r16,middle__all__r16,middle__all__r16,middle__all__r16,1,0.3941666666666666,0.3941666666666666,0.0,True,True,True,2,late__all__r16|middle__all__r16,0.41239999999999943,0.41239999999999943,0.2658333333333333,full__all__r4,0.2658333333333333,late__all__r16,0.3783333333333333,0.5,0.5,0.1666666666666666,0.1666666666666666,0.1666666666666666,0.1666666666666666,0.9708333333333332,0.9708333333333332
compiler::causal_mapping::causal_0044,0,full__all__r4,full__all__r4,full__all__r4,full__all__r4,1,0.45249999999999996,0.45249999999999996,0.0,True,True,True,2,full__all__r4|middle__all__r16,0.41546388888888924,0.41546388888888924,0.45249999999999996,full__all__r4,0.45249999999999996,middle__all__r16,0.42861111111111116,0.4333333333333333,0.4333333333333333,0.1666666666666666,0.1666666666666666,0.3333333333333333,0.3333333333333333,0.9958333333333332,0.9958333333333332
compiler::causal_mapping::causal_0045,0,full__all__r4,full__all__r4,full__all__r4,full__all__r4,1,0.5747222222222221,0.5747222222222221,0.0,True,True,True,2,full__all__r4|middle__all__r16,0.4750305555555553,0.4750305555555553,0.5747222222222221,full__all__r4,0.5747222222222221,full__all__r4,0.5747222222222221,0.6,0.6,0.2777777777777777,0.2777777777777777,0.5,0.5,0.9958333333333332,0.9958333333333332
compiler::causal_mapping::causal_0047,0,late__all__r16,late__all__r16,late__all__r16,late__all__r16,1,0.31999999999999995,0.31999999999999995,0.0,True,True,True,2,late__all__r16|middle__all__r16,0.321783333333333,0.321783333333333,0.21972222222222224,full__all__r4,0.21972222222222224,late__all__r16,0.31999999999999995,0.2666666666666666,0.2666666666666666,0.0,0.0,0.1666666666666666,0.1666666666666666,1.0,1.0
compiler::causal_mapping::causal_0053,0,full__all__r4,full__all__r4,full__all__r4,full__all__r4,1,0.45249999999999996,0.45249999999999996,0.0,True,True,True,2,full__all__r4|middle__all__r16,0.43515277777777817,0.43515277777777817,0.45249999999999996,full__all__r4,0.45249999999999996,early__all__r16,0.21111111111111108,0.2666666666666666,0.2666666666666666,0.0,0.0,0.5,0.5,0.9958333333333332,0.9958333333333332
compiler::causal_mapping::causal_0064,0,full__all__r4,full__all__r4,full__all__r4,full__all__r4,1,0.4988888888888889,0.4988888888888889,0.0,True,True,True,2,full__all__r4|middle__all__r16,0.4167861111111115,0.4167861111111115,0.4988888888888889,full__all__r4,0.4988888888888889,late__all__r16,0.41083333333333333,0.5000000000000001,0.5000000000000001,0.2222222222222222,0.2222222222222222,0.3888888888888888,0.3888888888888888,0.9944444444444444,0.9944444444444444
compiler::causal_mapping::causal_0074,0,full__all__r4,full__all__r4,full__all__r4,full__all__r4,1,0.47416666666666674,0.47416666666666674,0.0,True,True,True,2,full__all__r4|late__all__r16,0.4087222222222227,0.4087222222222227,0.47416666666666674,full__all__r4,0.47416666666666674,late__all__r16,0.44000000000000006,0.6,0.6,0.1111111111111111,0.1111111111111111,0.3333333333333333,0.3333333333333333,0.9930555555555556,0.9930555555555556
compiler::causal_mapping::causal_0077,0,late__all__r16,late__all__r16,late__all__r16,late__all__r16,1,0.3333333333333333,0.3333333333333333,0.0,True,True,True,2,late__all__r16|middle__all__r16,0.33003333333333307,0.33003333333333307,0.22000000000000003,full__all__r4,0.22000000000000003,middle__all__r16,0.23527777777777775,0.3333333333333333,0.3333333333333333,0.0,0.0,0.1666666666666666,0.1666666666666666,1.0,1.0
compiler::causal_mapping::causal_0079,0,middle__all__r16,middle__all__r16,middle__all__r16,middle__all__r16,1,0.4216666666666666,0.4216666666666666,0.0,True,True,True,2,late__all__r16|middle__all__r16,0.411494444444444,0.411494444444444,0.25916666666666666,full__all__r4,0.25916666666666666,middle__all__r16,0.4216666666666666,0.6333333333333333,0.6333333333333333,0.1666666666666666,0.1666666666666666,0.1666666666666666,0.1666666666666666,0.975,0.975
compiler::causal_mapping::causal_0089,0,middle__all__r16,middle__all__r16,middle__all__r16,middle__all__r16,1,0.4394444444444444,0.4394444444444444,0.0,True,True,True,2,late__all__r16|middle__all__r16,0.39081111111111044,0.39081111111111044,0.3258333333333333,full__all__r4,0.3258333333333333,early__all__r16,0.21166666666666667,0.6666666666666666,0.6666666666666666,0.2222222222222222,0.2222222222222222,0.1666666666666666,0.1666666666666666,0.975,0.975
compiler::causal_mapping::causal_0090,0,full__all__r4,full__all__r4,full__all__r4,full__all__r4,1,0.40166666666666667,0.40166666666666667,0.0,True,True,True,2,full__all__r4|late__all__r16,0.35741388888888953,0.35741388888888953,0.40166666666666667,full__all__r4,0.40166666666666667,middle__all__r16,0.28944444444444445,0.4000000000000001,0.4000000000000001,0.0555555555555555,0.0555555555555555,0.2777777777777777,0.2777777777777777,0.9972222222222222,0.9972222222222222
compiler::causal_mapping::causal_0101,0,middle__all__r16,middle__all__r16,middle__all__r16,middle__all__r16,1,0.6461111111111111,0.6461111111111111,0.0,True,True,True,2,late__all__r16|middle__all__r16,0.6587555555555553,0.6587555555555553,0.5111111111111111,full__all__r4,0.5111111111111111,middle__all__r16,0.6461111111111111,0.9666666666666668,0.9666666666666668,0.611111111111111,0.611111111111111,0.3333333333333333,0.3333333333333333,0.9861111111111112,0.9861111111111112
compiler::causal_mapping::causal_0114,0,full__all__r4,middle__all__r16,middle__all__r16,middle__all__r16,1,0.4652777777777778,0.4822222222222222,0.01694444444444443,False,False,True,2,full__all__r4|middle__all__r16,0.4186138888888892,0.4043666666666663,0.4652777777777778,full__all__r4,0.4652777777777778,early__all__r16,0.19694444444444442,0.5,0.9333333333333332,0.1666666666666666,0.5,0.3333333333333333,0.0,0.9930555555555556,0.977777777777778
compiler::factual_association::factual_0006,0,middle__all__r16,middle__all__r16,middle__all__r16,middle__all__r16,1,0.7955555555555556,0.7955555555555556,0.0,True,True,True,2,full__all__r4|middle__all__r16,0.7294194444444448,0.7294194444444448,0.7194444444444443,full__all__r4,0.7194444444444443,middle__all__r16,0.7955555555555556,0.5333333333333333,0.5333333333333333,0.6666666666666666,0.6666666666666666,0.8888888888888888,0.8888888888888888,1.0,1.0
compiler::factual_association::factual_0016,0,full__all__r4,full__all__r4,full__all__r4,full__all__r4,1,0.6333333333333333,0.6333333333333333,0.0,True,True,True,2,early__all__r16|full__all__r4|late__all__r16,0.6299638888888889,0.6299638888888889,0.6333333333333333,full__all__r4,0.6333333333333333,middle__all__r16,0.4905555555555555,0.0,0.0,0.1666666666666666,0.1666666666666666,1.0,1.0,1.0,1.0
compiler::factual_association::factual_0018,0,late__all__r16,late__all__r16,late__all__r16,late__all__r16,1,0.6525,0.6525,0.0,True,True,True,2,early__all__r16|late__all__r16,0.6393138888888893,0.6393138888888893,0.5444444444444445,full__all__r4,0.5444444444444445,middle__all__r16,0.48166666666666663,0.1666666666666666,0.1666666666666666,0.3333333333333333,0.3333333333333333,0.888888888888889,0.888888888888889,0.9847222222222222,0.9847222222222222
compiler::factual_association::factual_0022,0,early__all__r16,full__all__r4,full__all__r4,full__all__r4,1,0.6305555555555555,0.6555555555555556,0.025000000000000022,False,False,False,2,full__all__r4|late__all__r16,0.6278749999999997,0.6260527777777779,0.6555555555555556,full__all__r4,0.6555555555555556,late__all__r16,0.6436111111111111,0.0,0.0,0.1666666666666666,0.2777777777777777,1.0,1.0,0.9861111111111112,1.0
compiler::factual_association::factual_0024,0,late__all__r16,late__all__r16,late__all__r16,late__all__r16,1,0.6702777777777778,0.6702777777777778,0.0,True,True,True,2,full__all__r4|late__all__r16,0.6388944444444445,0.6388944444444445,0.6330555555555556,full__all__r4,0.6330555555555556,middle__all__r16,0.5880555555555556,0.1333333333333333,0.1333333333333333,0.2222222222222222,0.2222222222222222,1.0,1.0,0.9958333333333332,0.9958333333333332
compiler::factual_association::factual_0030,0,late__all__r16,late__all__r16,late__all__r16,late__all__r16,1,0.725,0.725,0.0,True,True,True,2,full__all__r4|late__all__r16,0.705067592592593,0.705067592592593,0.6327777777777778,full__all__r4,0.6327777777777778,middle__all__r16,0.5888888888888889,0.1333333333333333,0.1333333333333333,0.5,0.5,1.0,1.0,0.9916666666666668,0.9916666666666668
compiler::factual_association::factual_0032,0,early__all__r16,full__all__r4,full__all__r4,full__all__r4,1,0.6302777777777777,0.6330555555555556,0.002777777777777879,False,False,True,2,early__all__r16|full__all__r4,0.641719444444445,0.6188555555555559,0.6330555555555556,full__all__r4,0.6330555555555556,early__all__r16,0.6302777777777777,0.0,0.0,0.1666666666666666,0.1666666666666666,1.0,1.0,0.9847222222222222,0.9986111111111112
compiler::factual_association::factual_0044,0,full__all__r4,full__all__r4,full__all__r4,full__all__r4,1,0.635,0.635,0.0,True,True,True,2,full__all__r4|late__all__r16,0.5524111111111114,0.5524111111111114,0.635,full__all__r4,0.635,full__all__r4,0.635,0.0666666666666666,0.0666666666666666,0.1111111111111111,0.1111111111111111,1.0,1.0,0.9972222222222222,0.9972222222222222
compiler::factual_association::factual_0048,0,late__all__r16,late__all__r16,late__all__r16,late__all__r16,1,0.6972222222222222,0.6972222222222222,0.0,True,True,True,2,early__all__r16|late__all__r16,0.6431351851851856,0.6431351851851856,0.611111111111111,full__all__r4,0.611111111111111,full__all__r4,0.611111111111111,0.1666666666666666,0.1666666666666666,0.3333333333333333,0.3333333333333333,1.0,1.0,0.9861111111111112,0.9861111111111112
compiler::factual_association::factual_0056,0,full__all__r4,middle__all__r16,middle__all__r16,middle__all__r16,1,0.6316666666666666,0.6322222222222222,0.0005555555555556424,False,False,True,2,full__all__r4|middle__all__r16,0.6187305555555559,0.5349277777777784,0.6316666666666666,full__all__r4,0.6316666666666666,early__all__r16,0.63,0.0,0.0,0.1666666666666666,0.1666666666666666,1.0,1.0,0.9916666666666668,0.9944444444444444
compiler::factual_association::factual_0078,0,late__all__r16,late__all__r16,late__all__r16,late__all__r16,1,0.6972222222222222,0.6972222222222222,0.0,True,True,True,2,early__all__r16|late__all__r16,0.6431351851851856,0.6431351851851856,0.5888888888888889,full__all__r4,0.5888888888888889,early__all__r16,0.6186111111111111,0.1666666666666666,0.1666666666666666,0.3333333333333333,0.3333333333333333,1.0,1.0,0.9861111111111112,0.9861111111111112
compiler::factual_association::factual_0086,0,early__all__r16,early__all__r16,early__all__r16,early__all__r16,1,0.6088888888888888,0.6088888888888888,0.0,True,True,True,2,early__all__r16|full__all__r4,0.602255555555556,0.602255555555556,0.571111111111111,full__all__r4,0.571111111111111,middle__all__r16,0.4947222222222221,0.0,0.0,0.1666666666666666,0.1666666666666666,0.9444444444444444,0.9444444444444444,0.9888888888888888,0.9888888888888888
compiler::factual_association::factual_0087,0,full__all__r4,full__all__r4,full__all__r4,full__all__r4,1,0.6794444444444444,0.6794444444444444,0.0,True,True,True,2,full__all__r4|late__all__r16,0.6623944444444448,0.6623944444444448,0.6794444444444444,full__all__r4,0.6794444444444444,middle__all__r16,0.6102777777777777,0.2333333333333333,0.2333333333333333,0.5,0.5,0.8333333333333334,0.8333333333333334,0.9972222222222222,0.9972222222222222
compiler::factual_association::factual_0091,0,early__all__r16,early__all__r16,early__all__r16,early__all__r16,1,0.6333333333333333,0.6333333333333333,0.0,True,True,True,2,early__all__r16|full__all__r4,0.6263861111111111,0.6263861111111111,0.5644444444444444,full__all__r4,0.5644444444444444,full__all__r4,0.5644444444444444,0.0,0.0,0.1666666666666666,0.1666666666666666,1.0,1.0,1.0,1.0
compiler::factual_association::factual_0094,0,early__all__r16,full__all__r4,full__all__r4,full__all__r4,1,0.6294444444444445,0.6777777777777778,0.04833333333333334,False,False,True,2,early__all__r16|full__all__r4,0.6286083333333332,0.6247944444444444,0.6777777777777778,full__all__r4,0.6777777777777778,middle__all__r16,0.47777777777777775,0.0,0.0,0.1666666666666666,0.3888888888888889,1.0,1.0,0.9805555555555556,1.0
compiler::factual_association::factual_0103,0,late__all__r16,late__all__r16,late__all__r16,late__all__r16,1,0.6916666666666667,0.6916666666666667,0.0,True,True,True,2,late__all__r16|middle__all__r16,0.6712370370370371,0.6712370370370371,0.6327777777777778,full__all__r4,0.6327777777777778,full__all__r4,0.6327777777777778,0.3,0.3,0.1666666666666666,0.1666666666666666,1.0,1.0,0.9916666666666668,0.9916666666666668
compiler::factual_association::factual_0106,0,full__all__r4,full__all__r4,full__all__r4,full__all__r4,1,0.643888888888889,0.643888888888889,0.0,True,True,True,2,early__all__r16|full__all__r4,0.6542611111111108,0.6542611111111108,0.643888888888889,full__all__r4,0.643888888888889,early__all__r16,0.6322222222222222,0.0,0.0,0.2222222222222222,0.2222222222222222,1.0,1.0,0.9972222222222222,0.9972222222222222
compiler::factual_association::factual_0108,0,late__all__r16,late__all__r16,late__all__r16,late__all__r16,1,0.7144444444444444,0.7144444444444444,0.0,True,True,True,2,early__all__r16|late__all__r16,0.6283833333333337,0.6283833333333337,0.5888888888888889,full__all__r4,0.5888888888888889,middle__all__r16,0.5013888888888889,0.1999999999999999,0.1999999999999999,0.3888888888888889,0.3888888888888889,1.0,1.0,0.9833333333333334,0.9833333333333334
compiler::factual_association::factual_0109,0,full__all__r4,early__all__r16,early__all__r16,early__all__r16,1,0.611111111111111,0.6305555555555555,0.019444444444444486,False,False,True,2,early__all__r16|full__all__r4,0.630700925925926,0.6300361111111104,0.611111111111111,full__all__r4,0.611111111111111,middle__all__r16,0.5438888888888889,0.0,0.0,0.1666666666666666,0.1666666666666666,0.9444444444444444,1.0,1.0,0.9861111111111112
compiler::factual_association::factual_0115,0,early__all__r16,early__all__r16,early__all__r16,early__all__r16,1,0.6333333333333333,0.6333333333333333,0.0,True,True,True,2,early__all__r16|full__all__r4,0.6260333333333332,0.6260333333333332,0.6,full__all__r4,0.6,late__all__r16,0.5588888888888889,0.0,0.0,0.1666666666666666,0.1666666666666666,1.0,1.0,1.0,1.0
compiler::lexical_binding::lexical_0002,0,early__all__r16,early__all__r16,early__all__r16,early__all__r16,1,0.7525,0.7525,0.0,True,True,True,2,early__all__r16|full__all__r4,0.7565999999999999,0.7565999999999999,0.7141666666666666,full__all__r4,0.7141666666666666,middle__all__r16,0.5505555555555556,0.6,0.6,0.2777777777777777,0.2777777777777777,0.9444444444444444,0.9444444444444444,0.9958333333333332,0.9958333333333332
compiler::lexical_binding::lexical_0003,0,early__all__r16,early__all__r16,early__all__r16,early__all__r16,1,0.7511111111111111,0.7511111111111111,0.0,True,True,True,2,early__all__r16|late__all__r16,0.8613166666666668,0.8613166666666668,0.5305555555555556,full__all__r4,0.5305555555555556,late__all__r16,0.5549999999999999,0.8666666666666667,0.8666666666666667,0.1111111111111111,0.1111111111111111,0.888888888888889,0.888888888888889,1.0,1.0
compiler::lexical_binding::lexical_0004,0,early__all__r16,early__all__r16,early__all__r16,early__all__r16,1,0.885,0.885,0.0,True,True,True,2,early__all__r16|full__all__r4,0.6732361111111115,0.6732361111111115,0.6869444444444444,full__all__r4,0.6869444444444444,middle__all__r16,0.6072222222222222,0.9333333333333332,0.9333333333333332,0.5,0.5,1.0,1.0,0.9916666666666668,0.9916666666666668
compiler::lexical_binding::lexical_0006,0,early__all__r16,full__all__r4,full__all__r4,full__all__r4,1,0.8772222222222222,0.9024999999999999,0.02527777777777762,False,False,True,2,early__all__r16|full__all__r4,0.8753583333333335,0.7580388888888901,0.9024999999999999,full__all__r4,0.9024999999999999,middle__all__r16,0.6447222222222222,1.0,0.9666666666666668,0.3888888888888888,0.6666666666666666,1.0,0.9444444444444444,0.9972222222222222,0.9902777777777776
compiler::lexical_binding::lexical_0014,0,early__all__r16,early__all__r16,early__all__r16,early__all__r16,1,0.9655555555555555,0.9655555555555555,0.0,True,True,True,2,early__all__r16|full__all__r4,0.8661111111111112,0.8661111111111112,0.9319444444444445,full__all__r4,0.9319444444444445,middle__all__r16,0.7172222222222222,1.0,1.0,0.8333333333333334,0.8333333333333334,1.0,1.0,0.9944444444444444,0.9944444444444444
compiler::lexical_binding::lexical_0032,0,early__all__r16,full__all__r4,full__all__r4,full__all__r4,1,0.6258333333333332,0.6441666666666668,0.018333333333333535,False,False,True,2,early__all__r16|full__all__r4,0.8104222222222223,0.6576388888888894,0.6441666666666668,full__all__r4,0.6441666666666668,full__all__r4,0.6441666666666668,0.1333333333333333,1.0,0.0,0.3333333333333333,1.0,0.4444444444444444,0.9958333333333332,0.9986111111111112
compiler::lexical_binding::lexical_0038,0,early__all__r16,early__all__r16,early__all__r16,early__all__r16,1,0.9266666666666665,0.9266666666666665,0.0,True,True,True,2,early__all__r16|middle__all__r16,0.8776388888888891,0.8776388888888891,0.6316666666666666,full__all__r4,0.6316666666666666,late__all__r16,0.5763888888888888,0.9666666666666668,0.9666666666666668,0.6666666666666666,0.6666666666666666,1.0,1.0,1.0,1.0
compiler::lexical_binding::lexical_0040,0,early__all__r16,early__all__r16,early__all__r16,early__all__r16,1,0.8672222222222222,0.8672222222222222,0.0,True,True,True,2,early__all__r16|middle__all__r16,0.7960583333333334,0.7960583333333334,0.5213888888888889,full__all__r4,0.5213888888888889,late__all__r16,0.4652777777777778,0.9,0.9,0.4444444444444444,0.4444444444444444,1.0,1.0,0.9916666666666668,0.9916666666666668
compiler::lexical_binding::lexical_0050,0,early__all__r16,early__all__r16,early__all__r16,early__all__r16,1,0.7074999999999999,0.7074999999999999,0.0,True,True,True,2,early__all__r16|middle__all__r16,0.7762138888888888,0.7762138888888888,0.5822222222222222,full__all__r4,0.5822222222222222,early__all__r16,0.7074999999999999,0.4333333333333333,0.4333333333333333,0.2222222222222222,0.2222222222222222,0.9444444444444444,0.9444444444444444,0.9930555555555556,0.9930555555555556
compiler::lexical_binding::lexical_0056,0,early__all__r16,early__all__r16,early__all__r16,early__all__r16,1,0.7997222222222222,0.7997222222222222,0.0,True,True,True,2,early__all__r16|full__all__r4,0.8118611111111115,0.8118611111111115,0.7177777777777777,full__all__r4,0.7177777777777777,early__all__r16,0.7997222222222222,0.8333333333333334,0.8333333333333334,0.1666666666666666,0.1666666666666666,1.0,1.0,0.9986111111111112,0.9986111111111112
compiler::lexical_binding::lexical_0062,0,early__all__r16,early__all__r16,early__all__r16,early__all__r16,1,0.8594444444444445,0.8594444444444445,0.0,True,True,True,2,early__all__r16|middle__all__r16,0.8469555555555557,0.8469555555555557,0.553611111111111,full__all__r4,0.553611111111111,full__all__r4,0.553611111111111,0.9666666666666668,0.9666666666666668,0.3333333333333333,0.3333333333333333,1.0,1.0,0.9972222222222222,0.9972222222222222
compiler::lexical_binding::lexical_0073,0,early__all__r16,early__all__r16,early__all__r16,early__all__r16,1,0.8816666666666666,0.8816666666666666,0.0,True,True,True,2,early__all__r16|late__all__r16,0.8506194444444446,0.8506194444444446,0.5650000000000001,full__all__r4,0.5650000000000001,middle__all__r16,0.5733333333333333,0.9666666666666668,0.9666666666666668,0.5555555555555555,0.5555555555555555,0.9444444444444444,0.9444444444444444,0.9972222222222222,0.9972222222222222
compiler::lexical_binding::lexical_0077,0,early__all__r16,full__all__r4,full__all__r4,full__all__r4,1,0.62,0.6202777777777777,0.0002777777777777102,False,False,True,2,early__all__r16|full__all__r4,0.8159694444444447,0.6718194444444452,0.6202777777777777,full__all__r4,0.6202777777777777,middle__all__r16,0.5591666666666667,0.1,1.0,0.0,0.3333333333333333,1.0,0.3888888888888888,1.0,0.9902777777777776
compiler::lexical_binding::lexical_0091,0,early__all__r16,early__all__r16,early__all__r16,early__all__r16,1,0.6725,0.6725,0.0,True,True,True,2,early__all__r16|full__all__r4,0.7439166666666669,0.7439166666666669,0.5977777777777777,full__all__r4,0.5977777777777777,late__all__r16,0.3311111111111111,0.3666666666666667,0.3666666666666667,0.0,0.0,1.0,1.0,0.9958333333333332,0.9958333333333332
compiler::lexical_binding::lexical_0097,0,early__all__r16,early__all__r16,early__all__r16,early__all__r16,1,0.7761111111111111,0.7761111111111111,0.0,True,True,True,2,early__all__r16|full__all__r4,0.7979055555555558,0.7979055555555558,0.5813888888888888,full__all__r4,0.5813888888888888,full__all__r4,0.5813888888888888,0.5,0.5,0.5,0.5,0.9444444444444444,0.9444444444444444,0.9916666666666668,0.9916666666666668
compiler::lexical_binding::lexical_0098,0,early__all__r16,full__all__r4,full__all__r4,full__all__r4,1,0.6969444444444444,0.7661111111111112,0.06916666666666682,False,False,True,2,early__all__r16|full__all__r4,0.816325,0.6571222222222227,0.7661111111111112,full__all__r4,0.7661111111111112,late__all__r16,0.5325,0.3333333333333333,0.8333333333333334,0.1666666666666666,0.3333333333333333,1.0,0.8333333333333334,0.9847222222222222,0.9972222222222222
compiler::lexical_binding::lexical_0101,0,early__all__r16,early__all__r16,early__all__r16,early__all__r16,1,0.755,0.755,0.0,True,True,True,2,early__all__r16|full__all__r4,0.8843972222222225,0.8843972222222225,0.6322222222222222,full__all__r4,0.6322222222222222,middle__all__r16,0.6074999999999999,1.0,1.0,0.7777777777777778,0.7777777777777778,0.5,0.5,0.9972222222222222,0.9972222222222222
compiler::lexical_binding::lexical_0108,0,early__all__r16,early__all__r16,early__all__r16,early__all__r16,1,0.8433333333333334,0.8433333333333334,0.0,True,True,True,2,early__all__r16|middle__all__r16,0.8991527777777781,0.8991527777777781,0.5552777777777778,full__all__r4,0.5552777777777778,middle__all__r16,0.5958333333333333,0.8333333333333334,0.8333333333333334,0.3888888888888888,0.3888888888888888,1.0,1.0,0.9944444444444444,0.9944444444444444
compiler::lexical_binding::lexical_0114,0,early__all__r16,full__all__r4,full__all__r4,full__all__r4,1,0.7211111111111111,0.82,0.0988888888888888,False,False,True,2,early__all__r16|full__all__r4,0.7906694444444444,0.7109916666666674,0.82,full__all__r4,0.82,middle__all__r16,0.6266666666666667,0.5,0.9333333333333332,0.1111111111111111,0.5,1.0,0.8333333333333334,0.9944444444444444,1.0
compiler::lexical_binding::lexical_0116,0,early__all__r16,early__all__r16,early__all__r16,early__all__r16,1,0.8619444444444444,0.8619444444444444,0.0,True,True,True,2,early__all__r16|late__all__r16,0.8517388888888892,0.8517388888888892,0.6755555555555556,full__all__r4,0.6755555555555556,middle__all__r16,0.6255555555555555,0.8666666666666667,0.8666666666666667,0.4444444444444444,0.4444444444444444,1.0,1.0,0.9986111111111112,0.9986111111111112
compiler::procedural_reasoning::procedural_0007,0,middle__all__r16,middle__all__r16,middle__all__r16,middle__all__r16,1,0.5275000000000001,0.5275000000000001,0.0,True,True,True,2,full__all__r4|middle__all__r16,0.5129083333333335,0.5129083333333335,0.3602777777777777,full__all__r4,0.3602777777777777,early__all__r16,0.21861111111111114,0.1,0.1,0.0,0.0,0.7777777777777778,0.7777777777777778,0.9819444444444444,0.9819444444444444
compiler::procedural_reasoning::procedural_0011,0,middle__all__r16,middle__all__r16,middle__all__r16,middle__all__r16,1,0.5258333333333334,0.5258333333333334,0.0,True,True,True,2,late__all__r16|middle__all__r16,0.5160666666666669,0.5160666666666669,0.32749999999999996,full__all__r4,0.32749999999999996,late__all__r16,0.35027777777777774,0.1,0.1,0.0,0.0,0.7777777777777778,0.7777777777777778,0.9736111111111112,0.9736111111111112
compiler::procedural_reasoning::procedural_0014,0,middle__all__r16,middle__all__r16,middle__all__r16,middle__all__r16,1,0.4836111111111111,0.4836111111111111,0.0,True,True,True,2,full__all__r4|middle__all__r16,0.483469444444444,0.483469444444444,0.41833333333333333,full__all__r4,0.41833333333333333,late__all__r16,0.31416666666666665,0.1,0.1,0.0,0.0,0.6666666666666666,0.6666666666666666,0.9847222222222222,0.9847222222222222
compiler::procedural_reasoning::procedural_0015,0,middle__all__r16,middle__all__r16,middle__all__r16,middle__all__r16,1,0.4363888888888889,0.4363888888888889,0.0,True,True,True,2,late__all__r16|middle__all__r16,0.46626388888888853,0.46626388888888853,0.2861111111111111,full__all__r4,0.2861111111111111,middle__all__r16,0.4363888888888889,0.1,0.1,0.0,0.0,0.5555555555555555,0.5555555555555555,0.9708333333333332,0.9708333333333332
compiler::procedural_reasoning::procedural_0032,0,late__all__r16,middle__all__r16,middle__all__r16,middle__all__r16,1,0.4924999999999999,0.5019444444444444,0.009444444444444533,False,False,True,2,late__all__r16|middle__all__r16,0.5356027777777774,0.4842527777777777,0.458611111111111,full__all__r4,0.458611111111111,early__all__r16,0.21805555555555553,0.3,0.2,0.0555555555555555,0.0,0.5555555555555555,0.6666666666666666,0.9958333333333332,0.9763888888888888
compiler::procedural_reasoning::procedural_0040,0,middle__all__r16,middle__all__r16,middle__all__r16,middle__all__r16,1,0.5266666666666666,0.5266666666666666,0.0,True,True,True,2,full__all__r4|middle__all__r16,0.48972222222222195,0.48972222222222195,0.4105555555555555,full__all__r4,0.4105555555555555,middle__all__r16,0.5266666666666666,0.1,0.1,0.0,0.0,0.7777777777777778,0.7777777777777778,0.9777777777777776,0.9777777777777776
compiler::procedural_reasoning::procedural_0043,0,middle__all__r16,middle__all__r16,middle__all__r16,middle__all__r16,1,0.5186111111111111,0.5186111111111111,0.0,True,True,True,2,late__all__r16|middle__all__r16,0.5116694444444446,0.5116694444444446,0.4375,full__all__r4,0.4375,late__all__r16,0.45916666666666667,0.1666666666666666,0.1666666666666666,0.0,0.0,0.7222222222222222,0.7222222222222222,0.9819444444444444,0.9819444444444444
compiler::procedural_reasoning::procedural_0047,0,middle__all__r16,middle__all__r16,middle__all__r16,middle__all__r16,1,0.4605555555555556,0.4605555555555556,0.0,True,True,True,2,full__all__r4|middle__all__r16,0.49020555555555534,0.49020555555555534,0.373611111111111,full__all__r4,0.373611111111111,middle__all__r16,0.4605555555555556,0.1,0.1,0.0,0.0,0.611111111111111,0.611111111111111,0.9805555555555556,0.9805555555555556
compiler::procedural_reasoning::procedural_0050,0,middle__all__r16,middle__all__r16,middle__all__r16,middle__all__r16,1,0.5472222222222223,0.5472222222222223,0.0,True,True,True,2,full__all__r4|middle__all__r16,0.49760833333333343,0.49760833333333343,0.4102777777777778,full__all__r4,0.4102777777777778,full__all__r4,0.4102777777777778,0.1,0.1,0.0,0.0,0.8333333333333334,0.8333333333333334,0.9694444444444444,0.9694444444444444
compiler::procedural_reasoning::procedural_0057,0,middle__all__r16,middle__all__r16,middle__all__r16,middle__all__r16,1,0.43916666666666665,0.43916666666666665,0.0,True,True,True,2,full__all__r4|middle__all__r16,0.500033333333333,0.500033333333333,0.3302777777777777,full__all__r4,0.3302777777777777,middle__all__r16,0.43916666666666665,0.1,0.1,0.0,0.0,0.5555555555555555,0.5555555555555555,0.9847222222222222,0.9847222222222222
compiler::procedural_reasoning::procedural_0063,0,middle__all__r16,middle__all__r16,middle__all__r16,middle__all__r16,1,0.5280555555555556,0.5280555555555556,0.0,True,True,True,2,late__all__r16|middle__all__r16,0.5326111111111117,0.5326111111111117,0.4375,full__all__r4,0.4375,middle__all__r16,0.5280555555555556,0.1,0.1,0.0,0.0,0.7777777777777778,0.7777777777777778,0.9847222222222222,0.9847222222222222
compiler::procedural_reasoning::procedural_0064,0,middle__all__r16,middle__all__r16,middle__all__r16,middle__all__r16,1,0.4611111111111111,0.4611111111111111,0.0,True,True,True,2,full__all__r4|middle__all__r16,0.4861499999999995,0.4861499999999995,0.41694444444444445,full__all__r4,0.41694444444444445,early__all__r16,0.21833333333333335,0.1,0.1,0.0,0.0,0.611111111111111,0.611111111111111,0.9833333333333332,0.9833333333333332
compiler::procedural_reasoning::procedural_0068,0,middle__all__r16,middle__all__r16,middle__all__r16,middle__all__r16,1,0.4813888888888889,0.4813888888888889,0.0,True,True,True,2,full__all__r4|middle__all__r16,0.47188333333333254,0.47188333333333254,0.42388888888888887,full__all__r4,0.42388888888888887,late__all__r16,0.37027777777777776,0.1,0.1,0.0,0.0,0.6666666666666666,0.6666666666666666,0.9736111111111112,0.9736111111111112
compiler::procedural_reasoning::procedural_0075,0,middle__all__r16,middle__all__r16,middle__all__r16,middle__all__r16,1,0.4383333333333333,0.4383333333333333,0.0,True,True,True,2,full__all__r4|middle__all__r16,0.4412861111111111,0.4412861111111111,0.3727777777777777,full__all__r4,0.3727777777777777,middle__all__r16,0.4383333333333333,0.1,0.1,0.0,0.0,0.5555555555555555,0.5555555555555555,0.9805555555555556,0.9805555555555556
compiler::procedural_reasoning::procedural_0077,0,middle__all__r16,middle__all__r16,middle__all__r16,middle__all__r16,1,0.4608333333333333,0.4608333333333333,0.0,True,True,True,2,full__all__r4|middle__all__r16,0.5054222222222224,0.5054222222222224,0.35972222222222217,full__all__r4,0.35972222222222217,late__all__r16,0.2547222222222222,0.1,0.1,0.0,0.0,0.611111111111111,0.611111111111111,0.9819444444444444,0.9819444444444444
compiler::procedural_reasoning::procedural_0080,0,middle__all__r16,middle__all__r16,middle__all__r16,middle__all__r16,1,0.548611111111111,0.548611111111111,0.0,True,True,True,2,full__all__r4|middle__all__r16,0.5059805555555554,0.5059805555555554,0.41694444444444445,full__all__r4,0.41694444444444445,early__all__r16,0.21833333333333335,0.1,0.1,0.0,0.0,0.8333333333333334,0.8333333333333334,0.9763888888888888,0.9763888888888888
compiler::procedural_reasoning::procedural_0090,0,middle__all__r16,middle__all__r16,middle__all__r16,middle__all__r16,1,0.5036111111111111,0.5036111111111111,0.0,True,True,True,2,late__all__r16|middle__all__r16,0.4943444444444447,0.4943444444444447,0.4166666666666667,full__all__r4,0.4166666666666667,full__all__r4,0.4166666666666667,0.1,0.1,0.0,0.0,0.7222222222222222,0.7222222222222222,0.9736111111111112,0.9736111111111112
compiler::procedural_reasoning::procedural_0091,0,middle__all__r16,middle__all__r16,middle__all__r16,middle__all__r16,1,0.5488888888888889,0.5488888888888889,0.0,True,True,True,2,full__all__r4|middle__all__r16,0.5030555555555554,0.5030555555555554,0.3594444444444444,full__all__r4,0.3594444444444444,middle__all__r16,0.5488888888888889,0.1,0.1,0.0,0.0,0.8333333333333334,0.8333333333333334,0.9777777777777776,0.9777777777777776
compiler::procedural_reasoning::procedural_0103,0,middle__all__r16,middle__all__r16,middle__all__r16,middle__all__r16,1,0.5255555555555556,0.5255555555555556,0.0,True,True,True,2,full__all__r4|middle__all__r16,0.5023222222222218,0.5023222222222218,0.4372222222222222,full__all__r4,0.4372222222222222,full__all__r4,0.4372222222222222,0.2,0.2,0.0,0.0,0.7222222222222222,0.7222222222222222,0.9833333333333334,0.9833333333333334
compiler::procedural_reasoning::procedural_0110,0,middle__all__r16,middle__all__r16,middle__all__r16,middle__all__r16,1,0.5475,0.5475,0.0,True,True,True,2,full__all__r4|middle__all__r16,0.5169305555555557,0.5169305555555557,0.41,full__all__r4,0.41,middle__all__r16,0.5475,0.1,0.1,0.0,0.0,0.8333333333333334,0.8333333333333334,0.9708333333333332,0.9708333333333332
