episode_id,learning_type,method,spearman,pairwise_ranking_accuracy,top1_set_oracle_recovery,top2_set_oracle_recovery,top1_set_fractional_oracle_credit,top2_set_fractional_oracle_credit,selected_config,selected_config_tie_break,selected_config_oracle_optimal,observed_oracle_set,predicted_top1_set,predicted_top2_set,observed_oracle_utility,predicted_best_utility
compiler::procedural_reasoning::procedural_0007,procedural_reasoning,primary,-0.6000000000000001,0.3333333333333333,False,False,0.0,0.0,late__all__r16,lexicographic config_id among predicted top-tied configs,False,middle__all__r16,late__all__r16,early__all__r16|late__all__r16,0.4649305555555555,0.5838194444444444
compiler::procedural_reasoning::procedural_0007,procedural_reasoning,configuration_mean,1.0,1.0,True,True,1.0,0.5,middle__all__r16,lexicographic config_id among predicted top-tied configs,True,middle__all__r16,middle__all__r16,full__all__r4|middle__all__r16,0.4649305555555555,0.6077701822916672
compiler::procedural_reasoning::procedural_0011,procedural_reasoning,primary,-0.39999999999999997,0.3333333333333333,False,False,0.0,0.0,late__all__r16,lexicographic config_id among predicted top-tied configs,False,middle__all__r16,late__all__r16,early__all__r16|late__all__r16,0.4628472222222222,0.5847569444444445
compiler::procedural_reasoning::procedural_0011,procedural_reasoning,configuration_mean,0.7999999999999999,0.8333333333333334,True,True,1.0,0.5,middle__all__r16,lexicographic config_id among predicted top-tied configs,True,middle__all__r16,middle__all__r16,full__all__r4|middle__all__r16,0.4628472222222222,0.6077701822916672
compiler::procedural_reasoning::procedural_0014,procedural_reasoning,primary,-0.7999999999999999,0.16666666666666666,False,False,0.0,0.0,late__all__r16,lexicographic config_id among predicted top-tied configs,False,middle__all__r16,late__all__r16,early__all__r16|late__all__r16,0.43784722222222217,0.5851145833333333
compiler::procedural_reasoning::procedural_0014,procedural_reasoning,configuration_mean,1.0,1.0,True,True,1.0,0.5,middle__all__r16,lexicographic config_id among predicted top-tied configs,True,middle__all__r16,middle__all__r16,full__all__r4|middle__all__r16,0.43784722222222217,0.6077701822916672
compiler::procedural_reasoning::procedural_0015,procedural_reasoning,primary,-0.19999999999999998,0.5,False,False,0.0,0.0,late__all__r16,lexicographic config_id among predicted top-tied configs,False,middle__all__r16,late__all__r16,full__all__r4|late__all__r16,0.40659722222222217,0.5781770833333333
compiler::procedural_reasoning::procedural_0015,procedural_reasoning,configuration_mean,0.7999999999999999,0.8333333333333334,True,True,1.0,0.5,middle__all__r16,lexicographic config_id among predicted top-tied configs,True,middle__all__r16,middle__all__r16,full__all__r4|middle__all__r16,0.40659722222222217,0.6077701822916672
compiler::procedural_reasoning::procedural_0032,procedural_reasoning,primary,0.39999999999999997,0.6666666666666666,True,True,1.0,0.5,late__all__r16,lexicographic config_id among predicted top-tied configs,True,late__all__r16,late__all__r16,early__all__r16|late__all__r16,0.476736111111111,0.5731215277777777
compiler::procedural_reasoning::procedural_0032,procedural_reasoning,configuration_mean,0.39999999999999997,0.6666666666666666,False,False,0.0,0.0,middle__all__r16,lexicographic config_id among predicted top-tied configs,False,late__all__r16,middle__all__r16,full__all__r4|middle__all__r16,0.476736111111111,0.6077701822916672
compiler::procedural_reasoning::procedural_0040,procedural_reasoning,primary,0.0,0.5,False,True,0.0,0.5,late__all__r16,lexicographic config_id among predicted top-tied configs,False,middle__all__r16,late__all__r16,late__all__r16|middle__all__r16,0.4638888888888889,0.5849027777777778
compiler::procedural_reasoning::procedural_0040,procedural_reasoning,configuration_mean,1.0,1.0,True,True,1.0,0.5,middle__all__r16,lexicographic config_id among predicted top-tied configs,True,middle__all__r16,middle__all__r16,full__all__r4|middle__all__r16,0.4638888888888889,0.6077701822916672
compiler::procedural_reasoning::procedural_0043,procedural_reasoning,primary,0.6000000000000001,0.6666666666666666,False,True,0.0,0.5,late__all__r16,lexicographic config_id among predicted top-tied configs,False,middle__all__r16,late__all__r16,late__all__r16|middle__all__r16,0.4677083333333333,0.5904965277777777
compiler::procedural_reasoning::procedural_0043,procedural_reasoning,configuration_mean,0.7999999999999999,0.8333333333333334,True,True,1.0,0.5,middle__all__r16,lexicographic config_id among predicted top-tied configs,True,middle__all__r16,middle__all__r16,full__all__r4|middle__all__r16,0.4677083333333333,0.6077701822916672
compiler::procedural_reasoning::procedural_0047,procedural_reasoning,primary,0.39999999999999997,0.6666666666666666,False,True,0.0,0.5,late__all__r16,lexicographic config_id among predicted top-tied configs,False,middle__all__r16,late__all__r16,late__all__r16|middle__all__r16,0.4229166666666666,0.6065486111111109
compiler::procedural_reasoning::procedural_0047,procedural_reasoning,configuration_mean,1.0,1.0,True,True,1.0,0.5,middle__all__r16,lexicographic config_id among predicted top-tied configs,True,middle__all__r16,middle__all__r16,full__all__r4|middle__all__r16,0.4229166666666666,0.6077701822916672
compiler::procedural_reasoning::procedural_0050,procedural_reasoning,primary,0.0,0.5,False,True,0.0,0.5,late__all__r16,lexicographic config_id among predicted top-tied configs,False,middle__all__r16,late__all__r16,late__all__r16|middle__all__r16,0.4756944444444444,0.5905694444444445
compiler::procedural_reasoning::procedural_0050,procedural_reasoning,configuration_mean,1.0,1.0,True,True,1.0,0.5,middle__all__r16,lexicographic config_id among predicted top-tied configs,True,middle__all__r16,middle__all__r16,full__all__r4|middle__all__r16,0.4756944444444444,0.6077701822916672
compiler::procedural_reasoning::procedural_0057,procedural_reasoning,primary,0.0,0.5,False,True,0.0,0.5,late__all__r16,lexicographic config_id among predicted top-tied configs,False,middle__all__r16,late__all__r16,late__all__r16|middle__all__r16,0.4100694444444444,0.598736111111111
compiler::procedural_reasoning::procedural_0057,procedural_reasoning,configuration_mean,1.0,1.0,True,True,1.0,0.5,middle__all__r16,lexicographic config_id among predicted top-tied configs,True,middle__all__r16,middle__all__r16,full__all__r4|middle__all__r16,0.4100694444444444,0.6077701822916672
compiler::procedural_reasoning::procedural_0063,procedural_reasoning,primary,0.0,0.5,False,False,0.0,0.0,late__all__r16,lexicographic config_id among predicted top-tied configs,False,middle__all__r16,late__all__r16,early__all__r16|late__all__r16,0.46562499999999996,0.567642361111111
compiler::procedural_reasoning::procedural_0063,procedural_reasoning,configuration_mean,0.7999999999999999,0.8333333333333334,True,True,1.0,0.5,middle__all__r16,lexicographic config_id among predicted top-tied configs,True,middle__all__r16,middle__all__r16,full__all__r4|middle__all__r16,0.46562499999999996,0.6077701822916672
compiler::procedural_reasoning::procedural_0064,procedural_reasoning,primary,-0.7999999999999999,0.16666666666666666,False,False,0.0,0.0,late__all__r16,lexicographic config_id among predicted top-tied configs,False,middle__all__r16,late__all__r16,early__all__r16|late__all__r16,0.42361111111111105,0.5836423611111111
compiler::procedural_reasoning::procedural_0064,procedural_reasoning,configuration_mean,1.0,1.0,True,True,1.0,0.5,middle__all__r16,lexicographic config_id among predicted top-tied configs,True,middle__all__r16,middle__all__r16,full__all__r4|middle__all__r16,0.42361111111111105,0.6077701822916672
compiler::procedural_reasoning::procedural_0068,procedural_reasoning,primary,0.0,0.5,False,True,0.0,0.5,late__all__r16,lexicographic config_id among predicted top-tied configs,False,middle__all__r16,late__all__r16,late__all__r16|middle__all__r16,0.4350694444444444,0.589767361111111
compiler::procedural_reasoning::procedural_0068,procedural_reasoning,configuration_mean,1.0,1.0,True,True,1.0,0.5,middle__all__r16,lexicographic config_id among predicted top-tied configs,True,middle__all__r16,middle__all__r16,full__all__r4|middle__all__r16,0.4350694444444444,0.6077701822916672
compiler::procedural_reasoning::procedural_0075,procedural_reasoning,primary,-0.7999999999999999,0.16666666666666666,False,False,0.0,0.0,late__all__r16,lexicographic config_id among predicted top-tied configs,False,middle__all__r16,late__all__r16,early__all__r16|late__all__r16,0.40902777777777777,0.5892881944444444
compiler::procedural_reasoning::procedural_0075,procedural_reasoning,configuration_mean,1.0,1.0,True,True,1.0,0.5,middle__all__r16,lexicographic config_id among predicted top-tied configs,True,middle__all__r16,middle__all__r16,full__all__r4|middle__all__r16,0.40902777777777777,0.6077701822916672
compiler::procedural_reasoning::procedural_0077,procedural_reasoning,primary,0.0,0.5,False,True,0.0,0.5,late__all__r16,lexicographic config_id among predicted top-tied configs,False,middle__all__r16,late__all__r16,late__all__r16|middle__all__r16,0.4232638888888889,0.5915173611111111
compiler::procedural_reasoning::procedural_0077,procedural_reasoning,configuration_mean,1.0,1.0,True,True,1.0,0.5,middle__all__r16,lexicographic config_id among predicted top-tied configs,True,middle__all__r16,middle__all__r16,full__all__r4|middle__all__r16,0.4232638888888889,0.6077701822916672
compiler::procedural_reasoning::procedural_0080,procedural_reasoning,primary,0.39999999999999997,0.6666666666666666,False,True,0.0,0.5,late__all__r16,lexicographic config_id among predicted top-tied configs,False,middle__all__r16,late__all__r16,late__all__r16|middle__all__r16,0.4774305555555556,0.5927881944444444
compiler::procedural_reasoning::procedural_0080,procedural_reasoning,configuration_mean,1.0,1.0,True,True,1.0,0.5,middle__all__r16,lexicographic config_id among predicted top-tied configs,True,middle__all__r16,middle__all__r16,full__all__r4|middle__all__r16,0.4774305555555556,0.6077701822916672
compiler::procedural_reasoning::procedural_0090,procedural_reasoning,primary,0.6000000000000001,0.6666666666666666,False,True,0.0,0.5,late__all__r16,lexicographic config_id among predicted top-tied configs,False,middle__all__r16,late__all__r16,late__all__r16|middle__all__r16,0.44895833333333335,0.5849861111111111
compiler::procedural_reasoning::procedural_0090,procedural_reasoning,configuration_mean,0.7999999999999999,0.8333333333333334,True,True,1.0,0.5,middle__all__r16,lexicographic config_id among predicted top-tied configs,True,middle__all__r16,middle__all__r16,full__all__r4|middle__all__r16,0.44895833333333335,0.6077701822916672
compiler::procedural_reasoning::procedural_0091,procedural_reasoning,primary,-0.7999999999999999,0.16666666666666666,False,False,0.0,0.0,late__all__r16,lexicographic config_id among predicted top-tied configs,False,middle__all__r16,late__all__r16,early__all__r16|late__all__r16,0.47777777777777775,0.574579861111111
compiler::procedural_reasoning::procedural_0091,procedural_reasoning,configuration_mean,1.0,1.0,True,True,1.0,0.5,middle__all__r16,lexicographic config_id among predicted top-tied configs,True,middle__all__r16,middle__all__r16,full__all__r4|middle__all__r16,0.47777777777777775,0.6077701822916672
compiler::procedural_reasoning::procedural_0103,procedural_reasoning,primary,0.6000000000000001,0.6666666666666666,False,True,0.0,0.5,late__all__r16,lexicographic config_id among predicted top-tied configs,False,middle__all__r16,late__all__r16,late__all__r16|middle__all__r16,0.4763888888888889,0.5966527777777777
compiler::procedural_reasoning::procedural_0103,procedural_reasoning,configuration_mean,0.7999999999999999,0.8333333333333334,True,True,1.0,0.5,middle__all__r16,lexicographic config_id among predicted top-tied configs,True,middle__all__r16,middle__all__r16,full__all__r4|middle__all__r16,0.4763888888888889,0.6077701822916672
compiler::procedural_reasoning::procedural_0110,procedural_reasoning,primary,0.39999999999999997,0.6666666666666666,False,True,0.0,0.5,late__all__r16,lexicographic config_id among predicted top-tied configs,False,middle__all__r16,late__all__r16,late__all__r16|middle__all__r16,0.4760416666666667,0.5837465277777777
compiler::procedural_reasoning::procedural_0110,procedural_reasoning,configuration_mean,1.0,1.0,True,True,1.0,0.5,middle__all__r16,lexicographic config_id among predicted top-tied configs,True,middle__all__r16,middle__all__r16,full__all__r4|middle__all__r16,0.4760416666666667,0.6077701822916672
