outcome,outcome_label,learning_type,objective,config_id,program,n_episodes,mean,std,ci_low,ci_high
acquisition,Acquisition,behavioral_policy,Behavioral,early__all__r16,Early,20,0.18833333333333332,0.1072107832579523,0.14500000000000002,0.23666666666666666
acquisition,Acquisition,behavioral_policy,Behavioral,middle__all__r16,Middle,20,0.9116666666666665,0.13605769330116085,0.8483333333333334,0.9649999999999999
acquisition,Acquisition,behavioral_policy,Behavioral,late__all__r16,Late,20,1.0,0.0,1.0,1.0
acquisition,Acquisition,behavioral_policy,Behavioral,full__all__r4,Full-r4,20,0.9866666666666667,0.038082704705165275,0.9666666666666668,0.9983333333333334
acquisition,Acquisition,causal_mapping,Causal,early__all__r16,Early,20,0.05333333333333331,0.04103913408340616,0.03499999999999999,0.06999999999999999
acquisition,Acquisition,causal_mapping,Causal,middle__all__r16,Middle,20,0.6233333333333333,0.2598019938787842,0.5083333333333333,0.7316666666666666
acquisition,Acquisition,causal_mapping,Causal,late__all__r16,Late,20,0.35333333333333333,0.12444026726489729,0.30166666666666664,0.4083333333333333
acquisition,Acquisition,causal_mapping,Causal,full__all__r4,Full-r4,20,0.39333333333333337,0.15953147776429835,0.32333333333333336,0.45999999999999996
acquisition,Acquisition,factual_association,Factual,early__all__r16,Early,20,0.006666666666666665,0.02981423969999719,0.0,0.019999999999999997
acquisition,Acquisition,factual_association,Factual,middle__all__r16,Middle,20,0.12833333333333333,0.14276918762699645,0.07166666666666666,0.19333333333333333
acquisition,Acquisition,factual_association,Factual,late__all__r16,Late,20,0.12999999999999995,0.10970454739571302,0.08333333333333331,0.17666666666666664
acquisition,Acquisition,factual_association,Factual,full__all__r4,Full-r4,20,0.048333333333333325,0.08548109465758873,0.014999999999999996,0.08666666666666666
acquisition,Acquisition,lexical_binding,Lexical,early__all__r16,Early,20,0.7050000000000001,0.3040227369151911,0.5700000000000001,0.8316666666666667
acquisition,Acquisition,lexical_binding,Lexical,middle__all__r16,Middle,20,0.9516666666666665,0.20072237962970277,0.8600000000000001,1.0
acquisition,Acquisition,lexical_binding,Lexical,late__all__r16,Late,20,0.8533333333333333,0.2009916934072487,0.7616666666666667,0.8999999999999998
acquisition,Acquisition,lexical_binding,Lexical,full__all__r4,Full-r4,20,0.9283333333333333,0.19978789922906387,0.8316666666666667,0.9850000000000001
acquisition,Acquisition,procedural_reasoning,Procedural,early__all__r16,Early,20,0.09833333333333336,0.007453559924999317,0.095,0.10000000000000002
acquisition,Acquisition,procedural_reasoning,Procedural,middle__all__r16,Middle,20,0.11333333333333336,0.03315743061032266,0.10000000000000002,0.12833333333333335
acquisition,Acquisition,procedural_reasoning,Procedural,late__all__r16,Late,20,0.175,0.08227396822782534,0.14166666666666666,0.21166666666666661
acquisition,Acquisition,procedural_reasoning,Procedural,full__all__r4,Full-r4,20,0.10166666666666666,0.05970198895665134,0.07666666666666665,0.12833333333333335
transfer,Transfer,behavioral_policy,Behavioral,early__all__r16,Early,20,0.4083333333333333,0.16546840203729088,0.3388888888888888,0.48055555555555546
transfer,Transfer,behavioral_policy,Behavioral,middle__all__r16,Middle,20,0.9305555555555557,0.07404360971988652,0.8972222222222221,0.961111111111111
transfer,Transfer,behavioral_policy,Behavioral,late__all__r16,Late,20,0.9916666666666668,0.03726779962499648,0.975,1.0
transfer,Transfer,behavioral_policy,Behavioral,full__all__r4,Full-r4,20,0.925,0.10705308903831115,0.875,0.9666666666666668
transfer,Transfer,causal_mapping,Causal,early__all__r16,Early,20,0.0,0.0,0.0,0.0
transfer,Transfer,causal_mapping,Causal,middle__all__r16,Middle,20,0.26111111111111107,0.18653504131242177,0.1833333333333333,0.3416666666666666
transfer,Transfer,causal_mapping,Causal,late__all__r16,Late,20,0.06666666666666665,0.10132327845877681,0.024999999999999994,0.11111111111111109
transfer,Transfer,causal_mapping,Causal,full__all__r4,Full-r4,20,0.08888888888888888,0.10416910328534201,0.04722222222222221,0.1333333333333333
transfer,Transfer,factual_association,Factual,early__all__r16,Early,20,0.15833333333333327,0.020352641585140156,0.14999999999999994,0.16666666666666657
transfer,Transfer,factual_association,Factual,middle__all__r16,Middle,20,0.1666666666666666,0.13961796943056515,0.11666666666666661,0.23333333333333334
transfer,Transfer,factual_association,Factual,late__all__r16,Late,20,0.24444444444444446,0.10100212621363532,0.2055555555555555,0.29166666666666663
transfer,Transfer,factual_association,Factual,full__all__r4,Full-r4,20,0.18611111111111106,0.11438879019220997,0.14166666666666658,0.23888888888888885
transfer,Transfer,lexical_binding,Lexical,early__all__r16,Early,20,0.3444444444444444,0.2507947082874821,0.23888888888888885,0.4500694444444384
transfer,Transfer,lexical_binding,Lexical,middle__all__r16,Middle,20,0.6694444444444444,0.17144703867237157,0.5944444444444443,0.7388888888888889
transfer,Transfer,lexical_binding,Lexical,late__all__r16,Late,20,0.3499999999999999,0.13010217407293975,0.29722222222222217,0.4111111111111111
transfer,Transfer,lexical_binding,Lexical,full__all__r4,Full-r4,20,0.41388888888888886,0.15238519469867415,0.3472222222222222,0.4805555555555556
transfer,Transfer,procedural_reasoning,Procedural,early__all__r16,Early,20,0.0,0.0,0.0,0.0
transfer,Transfer,procedural_reasoning,Procedural,middle__all__r16,Middle,20,0.0,0.0,0.0,0.0
transfer,Transfer,procedural_reasoning,Procedural,late__all__r16,Late,20,0.002777777777777775,0.012422599874998818,0.0,0.008333333333333325
transfer,Transfer,procedural_reasoning,Procedural,full__all__r4,Full-r4,20,0.0,0.0,0.0,0.0
boundedness,Boundedness,behavioral_policy,Behavioral,early__all__r16,Early,20,0.0,0.0,0.0,0.0
boundedness,Boundedness,behavioral_policy,Behavioral,middle__all__r16,Middle,20,0.03333333333333332,0.12409516564496878,0.0,0.09166666666666665
boundedness,Boundedness,behavioral_policy,Behavioral,late__all__r16,Late,20,0.0,0.0,0.0,0.0
boundedness,Boundedness,behavioral_policy,Behavioral,full__all__r4,Full-r4,20,0.0,0.0,0.0,0.0
boundedness,Boundedness,causal_mapping,Causal,early__all__r16,Early,20,0.0,0.0,0.0,0.0
boundedness,Boundedness,causal_mapping,Causal,middle__all__r16,Middle,20,0.09444444444444441,0.10525503542411284,0.05,0.14166666666666664
boundedness,Boundedness,causal_mapping,Causal,late__all__r16,Late,20,0.24999999999999994,0.07959448882348656,0.21666666666666665,0.2861111111111111
boundedness,Boundedness,causal_mapping,Causal,full__all__r4,Full-r4,20,0.22222222222222215,0.16812229837970818,0.14999999999999997,0.2944444444444444
boundedness,Boundedness,factual_association,Factual,early__all__r16,Early,20,0.9805555555555555,0.05185011136037385,0.9555555555555555,1.0
boundedness,Boundedness,factual_association,Factual,middle__all__r16,Middle,20,0.7249999999999999,0.16169484893322966,0.6583333333333332,0.7944444444444445
boundedness,Boundedness,factual_association,Factual,late__all__r16,Late,20,0.8861111111111111,0.1378322378689812,0.825,0.9416666666666667
boundedness,Boundedness,factual_association,Factual,full__all__r4,Full-r4,20,0.9444444444444441,0.0825991046305587,0.9083333333333332,0.9777777777777776
boundedness,Boundedness,lexical_binding,Lexical,early__all__r16,Early,20,0.9583333333333334,0.11238307041507377,0.9027777777777779,0.9916666666666668
boundedness,Boundedness,lexical_binding,Lexical,middle__all__r16,Middle,20,0.16111111111111104,0.1064825408880259,0.11666666666666663,0.20833333333333326
boundedness,Boundedness,lexical_binding,Lexical,late__all__r16,Late,20,0.22222222222222224,0.14863467867998637,0.16111111111111107,0.2888888888888888
boundedness,Boundedness,lexical_binding,Lexical,full__all__r4,Full-r4,20,0.48611111111111105,0.28832322036597957,0.36659722222222213,0.6083333333333333
boundedness,Boundedness,procedural_reasoning,Procedural,early__all__r16,Early,20,0.013888888888888885,0.043688750869836056,0.0,0.0361111111111111
boundedness,Boundedness,procedural_reasoning,Procedural,middle__all__r16,Middle,20,0.7055555555555555,0.09888921742504073,0.6638888888888889,0.7472222222222222
boundedness,Boundedness,procedural_reasoning,Procedural,late__all__r16,Late,20,0.28055555555555556,0.1685806281876122,0.20833333333333331,0.35277777777777775
boundedness,Boundedness,procedural_reasoning,Procedural,full__all__r4,Full-r4,20,0.43888888888888883,0.09348497844884787,0.39722222222222214,0.4777777777777777
preservation,Preservation,behavioral_policy,Behavioral,early__all__r16,Early,20,0.9981944444444444,0.0032211885819433397,0.9966666666666667,0.999375
preservation,Preservation,behavioral_policy,Behavioral,middle__all__r16,Middle,20,0.9820833333333333,0.009200716487624213,0.9781944444444445,0.9860416666666666
preservation,Preservation,behavioral_policy,Behavioral,late__all__r16,Late,20,0.9947222222222223,0.0032990439082031344,0.9932638888888887,0.9960416666666667
preservation,Preservation,behavioral_policy,Behavioral,full__all__r4,Full-r4,20,0.9991666666666668,0.0015214515486254817,0.9984722222222222,0.9997916666666666
preservation,Preservation,causal_mapping,Causal,early__all__r16,Early,20,0.9869444444444444,0.007770987010432371,0.983263888888889,0.9899305555555555
preservation,Preservation,causal_mapping,Causal,middle__all__r16,Middle,20,0.9779166666666667,0.005056133891475283,0.9758333333333333,0.980208333333333
preservation,Preservation,causal_mapping,Causal,late__all__r16,Late,20,0.9926388888888888,0.015348057385124564,0.9858333333333332,0.9986805555555556
preservation,Preservation,causal_mapping,Causal,full__all__r4,Full-r4,20,0.9962500000000001,0.0019171009763041822,0.9954861111111111,0.9970833333333333
preservation,Preservation,factual_association,Factual,early__all__r16,Early,20,0.9877083333333333,0.0070715703268502605,0.9847222222222223,0.990763888888889
preservation,Preservation,factual_association,Factual,middle__all__r16,Middle,20,0.9974999999999999,0.001994957906832285,0.9966666666666667,0.9983333333333334
preservation,Preservation,factual_association,Factual,late__all__r16,Late,20,0.9935416666666667,0.00522159617374701,0.99125,0.9956944444444444
preservation,Preservation,factual_association,Factual,full__all__r4,Full-r4,20,0.9986111111111112,0.0020649776157639402,0.997638888888889,0.999375
preservation,Preservation,lexical_binding,Lexical,early__all__r16,Early,20,0.9954861111111111,0.0037124500771119773,0.9938194444444445,0.9969444444444445
preservation,Preservation,lexical_binding,Lexical,middle__all__r16,Middle,20,0.9705555555555557,0.011143957298711383,0.9655555555555555,0.975
preservation,Preservation,lexical_binding,Lexical,late__all__r16,Late,20,0.9866666666666667,0.0036161682986820113,0.9851388888888888,0.9881944444444445
preservation,Preservation,lexical_binding,Lexical,full__all__r4,Full-r4,20,0.9931944444444442,0.0047024007803903286,0.9911805555555555,0.9952083333333335
preservation,Preservation,procedural_reasoning,Procedural,early__all__r16,Early,20,0.9909027777777778,0.001936858636431171,0.9900694444444443,0.9917361111111112
preservation,Preservation,procedural_reasoning,Procedural,middle__all__r16,Middle,20,0.9784027777777776,0.005067666715454096,0.97625,0.9804861111111112
preservation,Preservation,procedural_reasoning,Procedural,late__all__r16,Late,20,0.9956249999999999,0.0010349441949591446,0.9951388888888889,0.9960416666666667
preservation,Preservation,procedural_reasoning,Procedural,full__all__r4,Full-r4,20,0.9865972222222222,0.0033803638818933365,0.9852083333333332,0.9881249999999999
