learning_type,objective,config_id,program,oracle_fractional_share,n_episodes,mean_objective_to_oracle_headroom,ci95_low,ci95_high
behavioral_policy,Behavioral,early__all__r16,Early,0.0,,,,
behavioral_policy,Behavioral,middle__all__r16,Middle,0.15,,,,
behavioral_policy,Behavioral,late__all__r16,Late,0.45,,,,
behavioral_policy,Behavioral,full__all__r4,Full-r4,0.4,,,,
causal_mapping,Causal,early__all__r16,Early,0.0,,,,
causal_mapping,Causal,middle__all__r16,Middle,0.75,,,,
causal_mapping,Causal,late__all__r16,Late,0.15,,,,
causal_mapping,Causal,full__all__r4,Full-r4,0.1,,,,
factual_association,Factual,early__all__r16,Early,0.175,,,,
factual_association,Factual,middle__all__r16,Middle,0.1,,,,
factual_association,Factual,late__all__r16,Late,0.4,,,,
factual_association,Factual,full__all__r4,Full-r4,0.325,,,,
lexical_binding,Lexical,early__all__r16,Early,0.65,,,,
lexical_binding,Lexical,middle__all__r16,Middle,0.1,,,,
lexical_binding,Lexical,late__all__r16,Late,0.0,,,,
lexical_binding,Lexical,full__all__r4,Full-r4,0.25,,,,
procedural_reasoning,Procedural,early__all__r16,Early,0.0,,,,
procedural_reasoning,Procedural,middle__all__r16,Middle,0.95,,,,
procedural_reasoning,Procedural,late__all__r16,Late,0.05,,,,
procedural_reasoning,Procedural,full__all__r4,Full-r4,0.0,,,,
all,All,early__all__r16,Early,0.165,,,,
all,All,middle__all__r16,Middle,0.41,,,,
all,All,late__all__r16,Late,0.21,,,,
all,All,full__all__r4,Full-r4,0.215,,,,
behavioral_policy,Behavioral,,,,20.0,0.006788194444444423,0.0008680555555555414,0.01512152777777775
causal_mapping,Causal,,,,20.0,0.018194444444444444,0.005555555555555552,0.033281684027777744
factual_association,Factual,,,,20.0,0.027395833333333324,0.012031249999999993,0.04526041666666665
lexical_binding,Lexical,,,,20.0,0.038940972222222224,0.01399305555555556,0.06751736111111113
procedural_reasoning,Procedural,,,,20.0,0.0007986111111111082,0.0,0.002395833333333325
