episode_id,learning_type,compiler_selected_config_id,compiler_predicted_top1_set,compiler_predicted_top2_set,global_fixed_config_id,oracle_config_ids,oracle_set_size,compiler_observed_utility,global_fixed_observed_utility,oracle_observed_utility,compiler_oracle_regret,global_fixed_oracle_regret,compiler_oracle_optimal,global_fixed_oracle_optimal
compiler::factual_association::factual_0006,factual_association,full__all__r4,full__all__r4,full__all__r4|middle__all__r16,middle__all__r16,middle__all__r16,1,0.6493055555555556,0.7722222222222221,0.7722222222222221,0.12291666666666656,0.0,False,True
compiler::factual_association::factual_0016,factual_association,full__all__r4,full__all__r4,full__all__r4|middle__all__r16,middle__all__r16,full__all__r4,1,0.5416666666666667,0.4604166666666667,0.5416666666666667,0.0,0.08125000000000004,True,False
compiler::factual_association::factual_0018,factual_association,early__all__r16,early__all__r16,early__all__r16|full__all__r4,middle__all__r16,late__all__r16,1,0.5236111111111111,0.44930555555555557,0.5934027777777777,0.06979166666666659,0.14409722222222215,False,False
compiler::factual_association::factual_0022,factual_association,middle__all__r16,middle__all__r16,full__all__r4|middle__all__r16,middle__all__r16,full__all__r4,1,0.4305555555555555,0.4305555555555555,0.5694444444444444,0.1388888888888889,0.1388888888888889,False,False
compiler::factual_association::factual_0024,factual_association,full__all__r4,full__all__r4,early__all__r16|full__all__r4,middle__all__r16,late__all__r16,1,0.5413194444444445,0.5128472222222222,0.5878472222222222,0.046527777777777724,0.07499999999999996,False,False
compiler::factual_association::factual_0030,factual_association,middle__all__r16,middle__all__r16,full__all__r4|middle__all__r16,middle__all__r16,late__all__r16,1,0.5138888888888888,0.5138888888888888,0.65625,0.14236111111111116,0.14236111111111116,False,False
compiler::factual_association::factual_0032,factual_association,middle__all__r16,middle__all__r16,full__all__r4|middle__all__r16,middle__all__r16,full__all__r4,1,0.4489583333333333,0.4489583333333333,0.5413194444444445,0.09236111111111117,0.09236111111111117,False,False
compiler::factual_association::factual_0044,factual_association,full__all__r4,full__all__r4,full__all__r4|middle__all__r16,middle__all__r16,late__all__r16,1,0.54375,0.5072916666666666,0.5756944444444445,0.03194444444444455,0.06840277777777792,False,False
compiler::factual_association::factual_0048,factual_association,early__all__r16,early__all__r16,early__all__r16|full__all__r4,middle__all__r16,late__all__r16,1,0.5232638888888889,0.4767361111111111,0.6215277777777778,0.09826388888888893,0.1447916666666667,False,False
compiler::factual_association::factual_0056,factual_association,middle__all__r16,middle__all__r16,full__all__r4|middle__all__r16,middle__all__r16,middle__all__r16,1,0.5402777777777779,0.5402777777777779,0.5402777777777779,0.0,0.0,True,True
compiler::factual_association::factual_0078,factual_association,early__all__r16,early__all__r16,early__all__r16|full__all__r4,middle__all__r16,late__all__r16,1,0.5232638888888889,0.490625,0.6215277777777778,0.09826388888888893,0.1309027777777778,False,False
compiler::factual_association::factual_0086,factual_association,middle__all__r16,middle__all__r16,full__all__r4|middle__all__r16,middle__all__r16,early__all__r16,1,0.47951388888888885,0.47951388888888885,0.525,0.04548611111111117,0.04548611111111117,False,False
compiler::factual_association::factual_0087,factual_association,full__all__r4,full__all__r4,full__all__r4|middle__all__r16,middle__all__r16,full__all__r4,1,0.6409722222222223,0.5267361111111111,0.6409722222222223,0.0,0.1142361111111112,True,False
compiler::factual_association::factual_0091,factual_association,full__all__r4,full__all__r4,full__all__r4|middle__all__r16,middle__all__r16,early__all__r16,1,0.5111111111111111,0.5131944444444444,0.5416666666666667,0.03055555555555567,0.028472222222222343,False,False
compiler::factual_association::factual_0094,factual_association,middle__all__r16,middle__all__r16,full__all__r4|middle__all__r16,middle__all__r16,full__all__r4,1,0.4444444444444444,0.4444444444444444,0.5972222222222222,0.1527777777777778,0.1527777777777778,False,False
compiler::factual_association::factual_0103,factual_association,full__all__r4,full__all__r4,full__all__r4|middle__all__r16,middle__all__r16,late__all__r16,1,0.5409722222222222,0.6083333333333334,0.6145833333333334,0.07361111111111118,0.006249999999999978,False,False
compiler::factual_association::factual_0106,factual_association,full__all__r4,full__all__r4,full__all__r4|middle__all__r16,middle__all__r16,full__all__r4,1,0.5548611111111111,0.4666666666666667,0.5548611111111111,0.0,0.08819444444444446,True,False
compiler::factual_association::factual_0108,factual_association,early__all__r16,early__all__r16,early__all__r16|full__all__r4,middle__all__r16,late__all__r16,1,0.5375000000000001,0.4461805555555555,0.6430555555555556,0.10555555555555551,0.19687500000000008,False,False
compiler::factual_association::factual_0109,factual_association,middle__all__r16,middle__all__r16,full__all__r4|middle__all__r16,middle__all__r16,early__all__r16,1,0.4854166666666666,0.4854166666666666,0.5381944444444444,0.05277777777777781,0.05277777777777781,False,False
compiler::factual_association::factual_0115,factual_association,middle__all__r16,middle__all__r16,full__all__r4|middle__all__r16,middle__all__r16,early__all__r16|full__all__r4,2,0.5138888888888888,0.5138888888888888,0.5416666666666667,0.0277777777777779,0.0277777777777779,False,False
