model_slug,objective,condition,budget,rank,seed,positive_examples,procedure_incomplete_on_positive,rate,result_file,generalization_n,generalization_procedure_incomplete,generalization_rate,id_eval_n,id_eval_procedure_incomplete,id_eval_rate
gemma_2_9b_it,procedural_reasoning,early,8,8,11,275,0,0.0,<ARCHIVE_ROOT>/results/cross_model_localization/gemma_2_9b_it/procedural_reasoning/budget_8/condition_early/rank_8/seed_11/adapter_gemma_2_9b_it_procedural_reasoning_budget8_early_rank8_seed11.jsonl.gz,150,0,0.0,125,0,0.0
gemma_2_9b_it,procedural_reasoning,early,8,8,22,275,0,0.0,<ARCHIVE_ROOT>/results/cross_model_localization/gemma_2_9b_it/procedural_reasoning/budget_8/condition_early/rank_8/seed_22/adapter_gemma_2_9b_it_procedural_reasoning_budget8_early_rank8_seed22.jsonl,150,0,0.0,125,0,0.0
gemma_2_9b_it,procedural_reasoning,early,8,8,33,275,0,0.0,<ARCHIVE_ROOT>/results/cross_model_localization/gemma_2_9b_it/procedural_reasoning/budget_8/condition_early/rank_8/seed_33/adapter_gemma_2_9b_it_procedural_reasoning_budget8_early_rank8_seed33.jsonl,150,0,0.0,125,0,0.0
gemma_2_9b_it,procedural_reasoning,full,8,8,11,275,0,0.0,<ARCHIVE_ROOT>/results/cross_model_localization/gemma_2_9b_it/procedural_reasoning/budget_8/condition_full/rank_8/seed_11/adapter_gemma_2_9b_it_procedural_reasoning_budget8_full_rank8_seed11.jsonl.gz,150,0,0.0,125,0,0.0
gemma_2_9b_it,procedural_reasoning,full,8,8,22,275,0,0.0,<ARCHIVE_ROOT>/results/cross_model_localization/gemma_2_9b_it/procedural_reasoning/budget_8/condition_full/rank_8/seed_22/adapter_gemma_2_9b_it_procedural_reasoning_budget8_full_rank8_seed22.jsonl,150,0,0.0,125,0,0.0
gemma_2_9b_it,procedural_reasoning,full,8,8,33,275,0,0.0,<ARCHIVE_ROOT>/results/cross_model_localization/gemma_2_9b_it/procedural_reasoning/budget_8/condition_full/rank_8/seed_33/adapter_gemma_2_9b_it_procedural_reasoning_budget8_full_rank8_seed33.jsonl,150,0,0.0,125,0,0.0
gemma_2_9b_it,procedural_reasoning,late,8,8,11,275,0,0.0,<ARCHIVE_ROOT>/results/cross_model_localization/gemma_2_9b_it/procedural_reasoning/budget_8/condition_late/rank_8/seed_11/adapter_gemma_2_9b_it_procedural_reasoning_budget8_late_rank8_seed11.jsonl.gz,150,0,0.0,125,0,0.0
gemma_2_9b_it,procedural_reasoning,late,8,8,22,275,0,0.0,<ARCHIVE_ROOT>/results/cross_model_localization/gemma_2_9b_it/procedural_reasoning/budget_8/condition_late/rank_8/seed_22/adapter_gemma_2_9b_it_procedural_reasoning_budget8_late_rank8_seed22.jsonl,150,0,0.0,125,0,0.0
gemma_2_9b_it,procedural_reasoning,late,8,8,33,275,0,0.0,<ARCHIVE_ROOT>/results/cross_model_localization/gemma_2_9b_it/procedural_reasoning/budget_8/condition_late/rank_8/seed_33/adapter_gemma_2_9b_it_procedural_reasoning_budget8_late_rank8_seed33.jsonl,150,0,0.0,125,0,0.0
gemma_2_9b_it,procedural_reasoning,middle,8,8,11,275,0,0.0,<ARCHIVE_ROOT>/results/cross_model_localization/gemma_2_9b_it/procedural_reasoning/budget_8/condition_middle/rank_8/seed_11/adapter_gemma_2_9b_it_procedural_reasoning_budget8_middle_rank8_seed11.jsonl.gz,150,0,0.0,125,0,0.0
gemma_2_9b_it,procedural_reasoning,middle,8,8,22,275,0,0.0,<ARCHIVE_ROOT>/results/cross_model_localization/gemma_2_9b_it/procedural_reasoning/budget_8/condition_middle/rank_8/seed_22/adapter_gemma_2_9b_it_procedural_reasoning_budget8_middle_rank8_seed22.jsonl,150,0,0.0,125,0,0.0
gemma_2_9b_it,procedural_reasoning,middle,8,8,33,275,0,0.0,<ARCHIVE_ROOT>/results/cross_model_localization/gemma_2_9b_it/procedural_reasoning/budget_8/condition_middle/rank_8/seed_33/adapter_gemma_2_9b_it_procedural_reasoning_budget8_middle_rank8_seed33.jsonl,150,0,0.0,125,0,0.0
llama_3_1_8b_instruct,procedural_reasoning,early,8,8,11,275,0,0.0,<ARCHIVE_ROOT>/results/cross_model_localization/llama_3_1_8b_instruct/procedural_reasoning/budget_8/condition_early/rank_8/seed_11/adapter_llama_3_1_8b_instruct_procedural_reasoning_budget8_early_rank8_seed11.jsonl.gz,150,0,0.0,125,0,0.0
llama_3_1_8b_instruct,procedural_reasoning,early,8,8,22,275,0,0.0,<ARCHIVE_ROOT>/results/cross_model_localization/llama_3_1_8b_instruct/procedural_reasoning/budget_8/condition_early/rank_8/seed_22/adapter_llama_3_1_8b_instruct_procedural_reasoning_budget8_early_rank8_seed22.jsonl,150,0,0.0,125,0,0.0
llama_3_1_8b_instruct,procedural_reasoning,early,8,8,33,275,0,0.0,<ARCHIVE_ROOT>/results/cross_model_localization/llama_3_1_8b_instruct/procedural_reasoning/budget_8/condition_early/rank_8/seed_33/adapter_llama_3_1_8b_instruct_procedural_reasoning_budget8_early_rank8_seed33.jsonl,150,0,0.0,125,0,0.0
llama_3_1_8b_instruct,procedural_reasoning,full,8,8,11,275,0,0.0,<ARCHIVE_ROOT>/results/cross_model_localization/llama_3_1_8b_instruct/procedural_reasoning/budget_8/condition_full/rank_8/seed_11/adapter_llama_3_1_8b_instruct_procedural_reasoning_budget8_full_rank8_seed11.jsonl.gz,150,0,0.0,125,0,0.0
llama_3_1_8b_instruct,procedural_reasoning,full,8,8,22,275,0,0.0,<ARCHIVE_ROOT>/results/cross_model_localization/llama_3_1_8b_instruct/procedural_reasoning/budget_8/condition_full/rank_8/seed_22/adapter_llama_3_1_8b_instruct_procedural_reasoning_budget8_full_rank8_seed22.jsonl,150,0,0.0,125,0,0.0
llama_3_1_8b_instruct,procedural_reasoning,full,8,8,33,275,0,0.0,<ARCHIVE_ROOT>/results/cross_model_localization/llama_3_1_8b_instruct/procedural_reasoning/budget_8/condition_full/rank_8/seed_33/adapter_llama_3_1_8b_instruct_procedural_reasoning_budget8_full_rank8_seed33.jsonl,150,0,0.0,125,0,0.0
llama_3_1_8b_instruct,procedural_reasoning,late,8,8,11,275,0,0.0,<ARCHIVE_ROOT>/results/cross_model_localization/llama_3_1_8b_instruct/procedural_reasoning/budget_8/condition_late/rank_8/seed_11/adapter_llama_3_1_8b_instruct_procedural_reasoning_budget8_late_rank8_seed11.jsonl.gz,150,0,0.0,125,0,0.0
llama_3_1_8b_instruct,procedural_reasoning,late,8,8,22,275,0,0.0,<ARCHIVE_ROOT>/results/cross_model_localization/llama_3_1_8b_instruct/procedural_reasoning/budget_8/condition_late/rank_8/seed_22/adapter_llama_3_1_8b_instruct_procedural_reasoning_budget8_late_rank8_seed22.jsonl,150,0,0.0,125,0,0.0
llama_3_1_8b_instruct,procedural_reasoning,late,8,8,33,275,0,0.0,<ARCHIVE_ROOT>/results/cross_model_localization/llama_3_1_8b_instruct/procedural_reasoning/budget_8/condition_late/rank_8/seed_33/adapter_llama_3_1_8b_instruct_procedural_reasoning_budget8_late_rank8_seed33.jsonl,150,0,0.0,125,0,0.0
llama_3_1_8b_instruct,procedural_reasoning,middle,8,8,11,275,0,0.0,<ARCHIVE_ROOT>/results/cross_model_localization/llama_3_1_8b_instruct/procedural_reasoning/budget_8/condition_middle/rank_8/seed_11/adapter_llama_3_1_8b_instruct_procedural_reasoning_budget8_middle_rank8_seed11.jsonl.gz,150,0,0.0,125,0,0.0
llama_3_1_8b_instruct,procedural_reasoning,middle,8,8,22,275,0,0.0,<ARCHIVE_ROOT>/results/cross_model_localization/llama_3_1_8b_instruct/procedural_reasoning/budget_8/condition_middle/rank_8/seed_22/adapter_llama_3_1_8b_instruct_procedural_reasoning_budget8_middle_rank8_seed22.jsonl,150,0,0.0,125,0,0.0
llama_3_1_8b_instruct,procedural_reasoning,middle,8,8,33,275,0,0.0,<ARCHIVE_ROOT>/results/cross_model_localization/llama_3_1_8b_instruct/procedural_reasoning/budget_8/condition_middle/rank_8/seed_33/adapter_llama_3_1_8b_instruct_procedural_reasoning_budget8_middle_rank8_seed33.jsonl,150,0,0.0,125,0,0.0
mistral_7b_instruct_v0_3,procedural_reasoning,early,8,8,11,275,0,0.0,<ARCHIVE_ROOT>/results/cross_model_localization/mistral_7b_instruct_v0_3/procedural_reasoning/budget_8/condition_early/rank_8/seed_11/adapter_mistral_7b_instruct_v0_3_procedural_reasoning_budget8_early_rank8_seed11.jsonl.gz,150,0,0.0,125,0,0.0
mistral_7b_instruct_v0_3,procedural_reasoning,early,8,8,22,275,0,0.0,<ARCHIVE_ROOT>/results/cross_model_localization/mistral_7b_instruct_v0_3/procedural_reasoning/budget_8/condition_early/rank_8/seed_22/adapter_mistral_7b_instruct_v0_3_procedural_reasoning_budget8_early_rank8_seed22.jsonl,150,0,0.0,125,0,0.0
mistral_7b_instruct_v0_3,procedural_reasoning,early,8,8,33,275,0,0.0,<ARCHIVE_ROOT>/results/cross_model_localization/mistral_7b_instruct_v0_3/procedural_reasoning/budget_8/condition_early/rank_8/seed_33/adapter_mistral_7b_instruct_v0_3_procedural_reasoning_budget8_early_rank8_seed33.jsonl,150,0,0.0,125,0,0.0
mistral_7b_instruct_v0_3,procedural_reasoning,full,8,8,11,275,0,0.0,<ARCHIVE_ROOT>/results/cross_model_localization/mistral_7b_instruct_v0_3/procedural_reasoning/budget_8/condition_full/rank_8/seed_11/adapter_mistral_7b_instruct_v0_3_procedural_reasoning_budget8_full_rank8_seed11.jsonl.gz,150,0,0.0,125,0,0.0
mistral_7b_instruct_v0_3,procedural_reasoning,full,8,8,22,275,0,0.0,<ARCHIVE_ROOT>/results/cross_model_localization/mistral_7b_instruct_v0_3/procedural_reasoning/budget_8/condition_full/rank_8/seed_22/adapter_mistral_7b_instruct_v0_3_procedural_reasoning_budget8_full_rank8_seed22.jsonl,150,0,0.0,125,0,0.0
mistral_7b_instruct_v0_3,procedural_reasoning,full,8,8,33,275,0,0.0,<ARCHIVE_ROOT>/results/cross_model_localization/mistral_7b_instruct_v0_3/procedural_reasoning/budget_8/condition_full/rank_8/seed_33/adapter_mistral_7b_instruct_v0_3_procedural_reasoning_budget8_full_rank8_seed33.jsonl,150,0,0.0,125,0,0.0
mistral_7b_instruct_v0_3,procedural_reasoning,late,8,8,11,275,0,0.0,<ARCHIVE_ROOT>/results/cross_model_localization/mistral_7b_instruct_v0_3/procedural_reasoning/budget_8/condition_late/rank_8/seed_11/adapter_mistral_7b_instruct_v0_3_procedural_reasoning_budget8_late_rank8_seed11.jsonl.gz,150,0,0.0,125,0,0.0
mistral_7b_instruct_v0_3,procedural_reasoning,late,8,8,22,275,0,0.0,<ARCHIVE_ROOT>/results/cross_model_localization/mistral_7b_instruct_v0_3/procedural_reasoning/budget_8/condition_late/rank_8/seed_22/adapter_mistral_7b_instruct_v0_3_procedural_reasoning_budget8_late_rank8_seed22.jsonl,150,0,0.0,125,0,0.0
mistral_7b_instruct_v0_3,procedural_reasoning,late,8,8,33,275,0,0.0,<ARCHIVE_ROOT>/results/cross_model_localization/mistral_7b_instruct_v0_3/procedural_reasoning/budget_8/condition_late/rank_8/seed_33/adapter_mistral_7b_instruct_v0_3_procedural_reasoning_budget8_late_rank8_seed33.jsonl,150,0,0.0,125,0,0.0
mistral_7b_instruct_v0_3,procedural_reasoning,middle,8,8,11,275,0,0.0,<ARCHIVE_ROOT>/results/cross_model_localization/mistral_7b_instruct_v0_3/procedural_reasoning/budget_8/condition_middle/rank_8/seed_11/adapter_mistral_7b_instruct_v0_3_procedural_reasoning_budget8_middle_rank8_seed11.jsonl.gz,150,0,0.0,125,0,0.0
mistral_7b_instruct_v0_3,procedural_reasoning,middle,8,8,22,275,0,0.0,<ARCHIVE_ROOT>/results/cross_model_localization/mistral_7b_instruct_v0_3/procedural_reasoning/budget_8/condition_middle/rank_8/seed_22/adapter_mistral_7b_instruct_v0_3_procedural_reasoning_budget8_middle_rank8_seed22.jsonl,150,0,0.0,125,0,0.0
mistral_7b_instruct_v0_3,procedural_reasoning,middle,8,8,33,275,0,0.0,<ARCHIVE_ROOT>/results/cross_model_localization/mistral_7b_instruct_v0_3/procedural_reasoning/budget_8/condition_middle/rank_8/seed_33/adapter_mistral_7b_instruct_v0_3_procedural_reasoning_budget8_middle_rank8_seed33.jsonl,150,0,0.0,125,0,0.0
olmo_2_1124_7b_instruct,procedural_reasoning,early,8,8,11,275,0,0.0,<ARCHIVE_ROOT>/results/cross_model_localization/olmo_2_1124_7b_instruct/procedural_reasoning/budget_8/condition_early/rank_8/seed_11/adapter_olmo_2_1124_7b_instruct_procedural_reasoning_budget8_early_rank8_seed11.jsonl.gz,150,0,0.0,125,0,0.0
olmo_2_1124_7b_instruct,procedural_reasoning,early,8,8,22,275,0,0.0,<ARCHIVE_ROOT>/results/cross_model_localization/olmo_2_1124_7b_instruct/procedural_reasoning/budget_8/condition_early/rank_8/seed_22/adapter_olmo_2_1124_7b_instruct_procedural_reasoning_budget8_early_rank8_seed22.jsonl,150,0,0.0,125,0,0.0
olmo_2_1124_7b_instruct,procedural_reasoning,early,8,8,33,275,0,0.0,<ARCHIVE_ROOT>/results/cross_model_localization/olmo_2_1124_7b_instruct/procedural_reasoning/budget_8/condition_early/rank_8/seed_33/adapter_olmo_2_1124_7b_instruct_procedural_reasoning_budget8_early_rank8_seed33.jsonl,150,0,0.0,125,0,0.0
olmo_2_1124_7b_instruct,procedural_reasoning,full,8,8,11,275,0,0.0,<ARCHIVE_ROOT>/results/cross_model_localization/olmo_2_1124_7b_instruct/procedural_reasoning/budget_8/condition_full/rank_8/seed_11/adapter_olmo_2_1124_7b_instruct_procedural_reasoning_budget8_full_rank8_seed11.jsonl.gz,150,0,0.0,125,0,0.0
olmo_2_1124_7b_instruct,procedural_reasoning,full,8,8,22,275,0,0.0,<ARCHIVE_ROOT>/results/cross_model_localization/olmo_2_1124_7b_instruct/procedural_reasoning/budget_8/condition_full/rank_8/seed_22/adapter_olmo_2_1124_7b_instruct_procedural_reasoning_budget8_full_rank8_seed22.jsonl,150,0,0.0,125,0,0.0
olmo_2_1124_7b_instruct,procedural_reasoning,full,8,8,33,275,0,0.0,<ARCHIVE_ROOT>/results/cross_model_localization/olmo_2_1124_7b_instruct/procedural_reasoning/budget_8/condition_full/rank_8/seed_33/adapter_olmo_2_1124_7b_instruct_procedural_reasoning_budget8_full_rank8_seed33.jsonl,150,0,0.0,125,0,0.0
olmo_2_1124_7b_instruct,procedural_reasoning,late,8,8,11,275,0,0.0,<ARCHIVE_ROOT>/results/cross_model_localization/olmo_2_1124_7b_instruct/procedural_reasoning/budget_8/condition_late/rank_8/seed_11/adapter_olmo_2_1124_7b_instruct_procedural_reasoning_budget8_late_rank8_seed11.jsonl.gz,150,0,0.0,125,0,0.0
olmo_2_1124_7b_instruct,procedural_reasoning,late,8,8,22,275,0,0.0,<ARCHIVE_ROOT>/results/cross_model_localization/olmo_2_1124_7b_instruct/procedural_reasoning/budget_8/condition_late/rank_8/seed_22/adapter_olmo_2_1124_7b_instruct_procedural_reasoning_budget8_late_rank8_seed22.jsonl,150,0,0.0,125,0,0.0
olmo_2_1124_7b_instruct,procedural_reasoning,late,8,8,33,275,0,0.0,<ARCHIVE_ROOT>/results/cross_model_localization/olmo_2_1124_7b_instruct/procedural_reasoning/budget_8/condition_late/rank_8/seed_33/adapter_olmo_2_1124_7b_instruct_procedural_reasoning_budget8_late_rank8_seed33.jsonl,150,0,0.0,125,0,0.0
olmo_2_1124_7b_instruct,procedural_reasoning,middle,8,8,11,275,0,0.0,<ARCHIVE_ROOT>/results/cross_model_localization/olmo_2_1124_7b_instruct/procedural_reasoning/budget_8/condition_middle/rank_8/seed_11/adapter_olmo_2_1124_7b_instruct_procedural_reasoning_budget8_middle_rank8_seed11.jsonl.gz,150,0,0.0,125,0,0.0
olmo_2_1124_7b_instruct,procedural_reasoning,middle,8,8,22,275,0,0.0,<ARCHIVE_ROOT>/results/cross_model_localization/olmo_2_1124_7b_instruct/procedural_reasoning/budget_8/condition_middle/rank_8/seed_22/adapter_olmo_2_1124_7b_instruct_procedural_reasoning_budget8_middle_rank8_seed22.jsonl,150,0,0.0,125,0,0.0
olmo_2_1124_7b_instruct,procedural_reasoning,middle,8,8,33,275,0,0.0,<ARCHIVE_ROOT>/results/cross_model_localization/olmo_2_1124_7b_instruct/procedural_reasoning/budget_8/condition_middle/rank_8/seed_33/adapter_olmo_2_1124_7b_instruct_procedural_reasoning_budget8_middle_rank8_seed33.jsonl,150,0,0.0,125,0,0.0
qwen2_5_14b_instruct,procedural_reasoning,early,8,8,11,275,0,0.0,<ARCHIVE_ROOT>/results/cross_model_localization/qwen2_5_14b_instruct/procedural_reasoning/budget_8/condition_early/rank_8/seed_11/adapter_qwen2_5_14b_instruct_procedural_reasoning_budget8_early_rank8_seed11.jsonl,150,0,0.0,125,0,0.0
qwen2_5_14b_instruct,procedural_reasoning,early,8,8,22,275,0,0.0,<ARCHIVE_ROOT>/results/cross_model_localization/qwen2_5_14b_instruct/procedural_reasoning/budget_8/condition_early/rank_8/seed_22/adapter_qwen2_5_14b_instruct_procedural_reasoning_budget8_early_rank8_seed22.jsonl,150,0,0.0,125,0,0.0
qwen2_5_14b_instruct,procedural_reasoning,early,8,8,33,275,0,0.0,<ARCHIVE_ROOT>/results/cross_model_localization/qwen2_5_14b_instruct/procedural_reasoning/budget_8/condition_early/rank_8/seed_33/adapter_qwen2_5_14b_instruct_procedural_reasoning_budget8_early_rank8_seed33.jsonl,150,0,0.0,125,0,0.0
qwen2_5_14b_instruct,procedural_reasoning,full,8,8,11,275,0,0.0,<ARCHIVE_ROOT>/results/cross_model_localization/qwen2_5_14b_instruct/procedural_reasoning/budget_8/condition_full/rank_8/seed_11/adapter_qwen2_5_14b_instruct_procedural_reasoning_budget8_full_rank8_seed11.jsonl,150,0,0.0,125,0,0.0
qwen2_5_14b_instruct,procedural_reasoning,full,8,8,22,275,0,0.0,<ARCHIVE_ROOT>/results/cross_model_localization/qwen2_5_14b_instruct/procedural_reasoning/budget_8/condition_full/rank_8/seed_22/adapter_qwen2_5_14b_instruct_procedural_reasoning_budget8_full_rank8_seed22.jsonl,150,0,0.0,125,0,0.0
qwen2_5_14b_instruct,procedural_reasoning,full,8,8,33,275,0,0.0,<ARCHIVE_ROOT>/results/cross_model_localization/qwen2_5_14b_instruct/procedural_reasoning/budget_8/condition_full/rank_8/seed_33/adapter_qwen2_5_14b_instruct_procedural_reasoning_budget8_full_rank8_seed33.jsonl,150,0,0.0,125,0,0.0
qwen2_5_14b_instruct,procedural_reasoning,late,8,8,11,275,0,0.0,<ARCHIVE_ROOT>/results/cross_model_localization/qwen2_5_14b_instruct/procedural_reasoning/budget_8/condition_late/rank_8/seed_11/adapter_qwen2_5_14b_instruct_procedural_reasoning_budget8_late_rank8_seed11.jsonl,150,0,0.0,125,0,0.0
qwen2_5_14b_instruct,procedural_reasoning,late,8,8,22,275,0,0.0,<ARCHIVE_ROOT>/results/cross_model_localization/qwen2_5_14b_instruct/procedural_reasoning/budget_8/condition_late/rank_8/seed_22/adapter_qwen2_5_14b_instruct_procedural_reasoning_budget8_late_rank8_seed22.jsonl,150,0,0.0,125,0,0.0
qwen2_5_14b_instruct,procedural_reasoning,late,8,8,33,275,0,0.0,<ARCHIVE_ROOT>/results/cross_model_localization/qwen2_5_14b_instruct/procedural_reasoning/budget_8/condition_late/rank_8/seed_33/adapter_qwen2_5_14b_instruct_procedural_reasoning_budget8_late_rank8_seed33.jsonl,150,0,0.0,125,0,0.0
qwen2_5_14b_instruct,procedural_reasoning,middle,8,8,11,275,0,0.0,<ARCHIVE_ROOT>/results/cross_model_localization/qwen2_5_14b_instruct/procedural_reasoning/budget_8/condition_middle/rank_8/seed_11/adapter_qwen2_5_14b_instruct_procedural_reasoning_budget8_middle_rank8_seed11.jsonl,150,0,0.0,125,0,0.0
qwen2_5_14b_instruct,procedural_reasoning,middle,8,8,22,275,0,0.0,<ARCHIVE_ROOT>/results/cross_model_localization/qwen2_5_14b_instruct/procedural_reasoning/budget_8/condition_middle/rank_8/seed_22/adapter_qwen2_5_14b_instruct_procedural_reasoning_budget8_middle_rank8_seed22.jsonl,150,0,0.0,125,0,0.0
qwen2_5_14b_instruct,procedural_reasoning,middle,8,8,33,275,0,0.0,<ARCHIVE_ROOT>/results/cross_model_localization/qwen2_5_14b_instruct/procedural_reasoning/budget_8/condition_middle/rank_8/seed_33/adapter_qwen2_5_14b_instruct_procedural_reasoning_budget8_middle_rank8_seed33.jsonl,150,0,0.0,125,0,0.0
,,,,,,275,0,0.0,<ARCHIVE_ROOT>/results/llama31_8b_localization_procedural_seed11_v2/adapter_procedural_reasoning_specs25_budget8_early_seed11.jsonl,150,0,0.0,125,0,0.0
,,,,,,275,0,0.0,<ARCHIVE_ROOT>/results/llama31_8b_localization_procedural_seed11_v2/adapter_procedural_reasoning_specs25_budget8_full_seed11.jsonl,150,0,0.0,125,0,0.0
,,,,,,275,0,0.0,<ARCHIVE_ROOT>/results/llama31_8b_localization_procedural_seed11_v2/adapter_procedural_reasoning_specs25_budget8_late_seed11.jsonl,150,0,0.0,125,0,0.0
,,,,,,275,0,0.0,<ARCHIVE_ROOT>/results/llama31_8b_localization_procedural_seed11_v2/adapter_procedural_reasoning_specs25_budget8_middle_seed11.jsonl,150,0,0.0,125,0,0.0
,,,,,,275,0,0.0,<ARCHIVE_ROOT>/results/llama31_8b_localization_procedural_seed22_v2/adapter_procedural_reasoning_specs25_budget8_early_seed22.jsonl,150,0,0.0,125,0,0.0
,,,,,,275,0,0.0,<ARCHIVE_ROOT>/results/llama31_8b_localization_procedural_seed22_v2/adapter_procedural_reasoning_specs25_budget8_full_seed22.jsonl,150,0,0.0,125,0,0.0
,,,,,,275,0,0.0,<ARCHIVE_ROOT>/results/llama31_8b_localization_procedural_seed22_v2/adapter_procedural_reasoning_specs25_budget8_late_seed22.jsonl,150,0,0.0,125,0,0.0
,,,,,,275,0,0.0,<ARCHIVE_ROOT>/results/llama31_8b_localization_procedural_seed22_v2/adapter_procedural_reasoning_specs25_budget8_middle_seed22.jsonl,150,0,0.0,125,0,0.0
,,,,,,275,0,0.0,<ARCHIVE_ROOT>/results/llama31_8b_localization_procedural_seed33_v2/adapter_procedural_reasoning_specs25_budget8_early_seed33.jsonl,150,0,0.0,125,0,0.0
,,,,,,275,0,0.0,<ARCHIVE_ROOT>/results/llama31_8b_localization_procedural_seed33_v2/adapter_procedural_reasoning_specs25_budget8_full_seed33.jsonl,150,0,0.0,125,0,0.0
,,,,,,275,0,0.0,<ARCHIVE_ROOT>/results/llama31_8b_localization_procedural_seed33_v2/adapter_procedural_reasoning_specs25_budget8_late_seed33.jsonl,150,0,0.0,125,0,0.0
,,,,,,275,0,0.0,<ARCHIVE_ROOT>/results/llama31_8b_localization_procedural_seed33_v2/adapter_procedural_reasoning_specs25_budget8_middle_seed33.jsonl,150,0,0.0,125,0,0.0
,,,,,,275,0,0.0,<ARCHIVE_ROOT>/results/llama31_8b_procedural_baseline/baseline_procedural_reasoning_specs25_budget12.jsonl,150,0,0.0,125,0,0.0
,,,,,,275,0,0.0,<ARCHIVE_ROOT>/results/llama31_8b_procedural_coarse/adapter_procedural_reasoning_specs25_budget1.jsonl,150,0,0.0,125,0,0.0
,,,,,,275,0,0.0,<ARCHIVE_ROOT>/results/llama31_8b_procedural_coarse/adapter_procedural_reasoning_specs25_budget12.jsonl,150,0,0.0,125,0,0.0
,,,,,,275,0,0.0,<ARCHIVE_ROOT>/results/llama31_8b_procedural_coarse/adapter_procedural_reasoning_specs25_budget2.jsonl,150,0,0.0,125,0,0.0
,,,,,,275,0,0.0,<ARCHIVE_ROOT>/results/llama31_8b_procedural_coarse/adapter_procedural_reasoning_specs25_budget4.jsonl,150,0,0.0,125,0,0.0
,,,,,,275,0,0.0,<ARCHIVE_ROOT>/results/llama31_8b_procedural_coarse/adapter_procedural_reasoning_specs25_budget8.jsonl,150,0,0.0,125,0,0.0
,,,,,,275,0,0.0,<ARCHIVE_ROOT>/results/llama31_8b_procedural_multiseed/adapter_procedural_reasoning_specs25_budget10_seed11.jsonl,150,0,0.0,125,0,0.0
,,,,,,275,0,0.0,<ARCHIVE_ROOT>/results/llama31_8b_procedural_multiseed/adapter_procedural_reasoning_specs25_budget10_seed22.jsonl,150,0,0.0,125,0,0.0
,,,,,,275,0,0.0,<ARCHIVE_ROOT>/results/llama31_8b_procedural_multiseed/adapter_procedural_reasoning_specs25_budget10_seed33.jsonl,150,0,0.0,125,0,0.0
,,,,,,275,0,0.0,<ARCHIVE_ROOT>/results/llama31_8b_procedural_multiseed/adapter_procedural_reasoning_specs25_budget12_seed11.jsonl,150,0,0.0,125,0,0.0
,,,,,,275,0,0.0,<ARCHIVE_ROOT>/results/llama31_8b_procedural_multiseed/adapter_procedural_reasoning_specs25_budget12_seed22.jsonl,150,0,0.0,125,0,0.0
,,,,,,275,0,0.0,<ARCHIVE_ROOT>/results/llama31_8b_procedural_multiseed/adapter_procedural_reasoning_specs25_budget12_seed33.jsonl,150,0,0.0,125,0,0.0
,,,,,,275,0,0.0,<ARCHIVE_ROOT>/results/llama31_8b_procedural_multiseed/adapter_procedural_reasoning_specs25_budget8_seed11.jsonl,150,0,0.0,125,0,0.0
,,,,,,275,0,0.0,<ARCHIVE_ROOT>/results/llama31_8b_procedural_multiseed/adapter_procedural_reasoning_specs25_budget8_seed22.jsonl,150,0,0.0,125,0,0.0
,,,,,,275,0,0.0,<ARCHIVE_ROOT>/results/llama31_8b_procedural_multiseed/adapter_procedural_reasoning_specs25_budget8_seed33.jsonl,150,0,0.0,125,0,0.0
full_reduced_rank,procedural_reasoning,early,8,8,11,275,0,0.0,<ARCHIVE_ROOT>/results/parameter_matched_localization/full_reduced_rank/procedural_reasoning/budget_8/condition_early/rank_8/seed_11/adapter_procedural_reasoning_specs25_budget8_early_rank8_seed11.jsonl,150,0,0.0,125,0,0.0
full_reduced_rank,procedural_reasoning,early,8,8,22,275,0,0.0,<ARCHIVE_ROOT>/results/parameter_matched_localization/full_reduced_rank/procedural_reasoning/budget_8/condition_early/rank_8/seed_22/adapter_procedural_reasoning_specs25_budget8_early_rank8_seed22.jsonl,150,0,0.0,125,0,0.0
full_reduced_rank,procedural_reasoning,early,8,8,33,275,0,0.0,<ARCHIVE_ROOT>/results/parameter_matched_localization/full_reduced_rank/procedural_reasoning/budget_8/condition_early/rank_8/seed_33/adapter_procedural_reasoning_specs25_budget8_early_rank8_seed33.jsonl,150,0,0.0,125,0,0.0
full_reduced_rank,procedural_reasoning,full,8,2,11,275,0,0.0,<ARCHIVE_ROOT>/results/parameter_matched_localization/full_reduced_rank/procedural_reasoning/budget_8/condition_full/rank_2/seed_11/adapter_procedural_reasoning_specs25_budget8_full_rank2_seed11.jsonl,150,0,0.0,125,0,0.0
full_reduced_rank,procedural_reasoning,full,8,2,22,275,0,0.0,<ARCHIVE_ROOT>/results/parameter_matched_localization/full_reduced_rank/procedural_reasoning/budget_8/condition_full/rank_2/seed_22/adapter_procedural_reasoning_specs25_budget8_full_rank2_seed22.jsonl,150,0,0.0,125,0,0.0
full_reduced_rank,procedural_reasoning,full,8,2,33,275,0,0.0,<ARCHIVE_ROOT>/results/parameter_matched_localization/full_reduced_rank/procedural_reasoning/budget_8/condition_full/rank_2/seed_33/adapter_procedural_reasoning_specs25_budget8_full_rank2_seed33.jsonl,150,0,0.0,125,0,0.0
full_reduced_rank,procedural_reasoning,late,8,8,11,275,0,0.0,<ARCHIVE_ROOT>/results/parameter_matched_localization/full_reduced_rank/procedural_reasoning/budget_8/condition_late/rank_8/seed_11/adapter_procedural_reasoning_specs25_budget8_late_rank8_seed11.jsonl,150,0,0.0,125,0,0.0
full_reduced_rank,procedural_reasoning,late,8,8,22,275,0,0.0,<ARCHIVE_ROOT>/results/parameter_matched_localization/full_reduced_rank/procedural_reasoning/budget_8/condition_late/rank_8/seed_22/adapter_procedural_reasoning_specs25_budget8_late_rank8_seed22.jsonl,150,0,0.0,125,0,0.0
full_reduced_rank,procedural_reasoning,late,8,8,33,275,0,0.0,<ARCHIVE_ROOT>/results/parameter_matched_localization/full_reduced_rank/procedural_reasoning/budget_8/condition_late/rank_8/seed_33/adapter_procedural_reasoning_specs25_budget8_late_rank8_seed33.jsonl,150,0,0.0,125,0,0.0
full_reduced_rank,procedural_reasoning,middle,8,8,11,275,0,0.0,<ARCHIVE_ROOT>/results/parameter_matched_localization/full_reduced_rank/procedural_reasoning/budget_8/condition_middle/rank_8/seed_11/adapter_procedural_reasoning_specs25_budget8_middle_rank8_seed11.jsonl,150,0,0.0,125,0,0.0
full_reduced_rank,procedural_reasoning,middle,8,8,22,275,0,0.0,<ARCHIVE_ROOT>/results/parameter_matched_localization/full_reduced_rank/procedural_reasoning/budget_8/condition_middle/rank_8/seed_22/adapter_procedural_reasoning_specs25_budget8_middle_rank8_seed22.jsonl,150,0,0.0,125,0,0.0
full_reduced_rank,procedural_reasoning,middle,8,8,33,275,0,0.0,<ARCHIVE_ROOT>/results/parameter_matched_localization/full_reduced_rank/procedural_reasoning/budget_8/condition_middle/rank_8/seed_33/adapter_procedural_reasoning_specs25_budget8_middle_rank8_seed33.jsonl,150,0,0.0,125,0,0.0
localized_expanded_rank,procedural_reasoning,early,8,32,11,275,0,0.0,<ARCHIVE_ROOT>/results/parameter_matched_localization/localized_expanded_rank/procedural_reasoning/budget_8/condition_early/rank_32/seed_11/adapter_procedural_reasoning_specs25_budget8_early_rank32_seed11.jsonl,150,0,0.0,125,0,0.0
localized_expanded_rank,procedural_reasoning,early,8,32,22,275,0,0.0,<ARCHIVE_ROOT>/results/parameter_matched_localization/localized_expanded_rank/procedural_reasoning/budget_8/condition_early/rank_32/seed_22/adapter_procedural_reasoning_specs25_budget8_early_rank32_seed22.jsonl,150,0,0.0,125,0,0.0
localized_expanded_rank,procedural_reasoning,early,8,32,33,275,0,0.0,<ARCHIVE_ROOT>/results/parameter_matched_localization/localized_expanded_rank/procedural_reasoning/budget_8/condition_early/rank_32/seed_33/adapter_procedural_reasoning_specs25_budget8_early_rank32_seed33.jsonl,150,0,0.0,125,0,0.0
localized_expanded_rank,procedural_reasoning,full,8,8,11,275,0,0.0,<ARCHIVE_ROOT>/results/parameter_matched_localization/localized_expanded_rank/procedural_reasoning/budget_8/condition_full/rank_8/seed_11/adapter_procedural_reasoning_specs25_budget8_full_rank8_seed11.jsonl,150,0,0.0,125,0,0.0
localized_expanded_rank,procedural_reasoning,full,8,8,22,275,0,0.0,<ARCHIVE_ROOT>/results/parameter_matched_localization/localized_expanded_rank/procedural_reasoning/budget_8/condition_full/rank_8/seed_22/adapter_procedural_reasoning_specs25_budget8_full_rank8_seed22.jsonl,150,0,0.0,125,0,0.0
localized_expanded_rank,procedural_reasoning,full,8,8,33,275,0,0.0,<ARCHIVE_ROOT>/results/parameter_matched_localization/localized_expanded_rank/procedural_reasoning/budget_8/condition_full/rank_8/seed_33/adapter_procedural_reasoning_specs25_budget8_full_rank8_seed33.jsonl,150,0,0.0,125,0,0.0
localized_expanded_rank,procedural_reasoning,late,8,32,11,275,0,0.0,<ARCHIVE_ROOT>/results/parameter_matched_localization/localized_expanded_rank/procedural_reasoning/budget_8/condition_late/rank_32/seed_11/adapter_procedural_reasoning_specs25_budget8_late_rank32_seed11.jsonl,150,0,0.0,125,0,0.0
localized_expanded_rank,procedural_reasoning,late,8,32,22,275,0,0.0,<ARCHIVE_ROOT>/results/parameter_matched_localization/localized_expanded_rank/procedural_reasoning/budget_8/condition_late/rank_32/seed_22/adapter_procedural_reasoning_specs25_budget8_late_rank32_seed22.jsonl,150,0,0.0,125,0,0.0
localized_expanded_rank,procedural_reasoning,late,8,32,33,275,0,0.0,<ARCHIVE_ROOT>/results/parameter_matched_localization/localized_expanded_rank/procedural_reasoning/budget_8/condition_late/rank_32/seed_33/adapter_procedural_reasoning_specs25_budget8_late_rank32_seed33.jsonl,150,0,0.0,125,0,0.0
localized_expanded_rank,procedural_reasoning,middle,8,32,11,275,0,0.0,<ARCHIVE_ROOT>/results/parameter_matched_localization/localized_expanded_rank/procedural_reasoning/budget_8/condition_middle/rank_32/seed_11/adapter_procedural_reasoning_specs25_budget8_middle_rank32_seed11.jsonl,150,0,0.0,125,0,0.0
localized_expanded_rank,procedural_reasoning,middle,8,32,22,275,0,0.0,<ARCHIVE_ROOT>/results/parameter_matched_localization/localized_expanded_rank/procedural_reasoning/budget_8/condition_middle/rank_32/seed_22/adapter_procedural_reasoning_specs25_budget8_middle_rank32_seed22.jsonl,150,0,0.0,125,0,0.0
localized_expanded_rank,procedural_reasoning,middle,8,32,33,275,0,0.0,<ARCHIVE_ROOT>/results/parameter_matched_localization/localized_expanded_rank/procedural_reasoning/budget_8/condition_middle/rank_32/seed_33/adapter_procedural_reasoning_specs25_budget8_middle_rank32_seed33.jsonl,150,0,0.0,125,0,0.0
