method,outcome,mae,rmse
primary,acquisition,0.06940333333333332,0.14791018671252273
primary,transfer,0.06928333333333342,0.13718631446519441
primary,boundedness,0.07389196373456781,0.13107375650633224
primary,preservation,0.0028096180555555956,0.004292223815417277
configuration_mean,acquisition,0.3390224999999995,0.37523396867821046
configuration_mean,transfer,0.2731236111111114,0.32939278889344265
configuration_mean,boundedness,0.33428611111111145,0.37492695404826987
configuration_mean,preservation,0.006186076388888493,0.008346527821112077
objective_conditioned_mean,acquisition,0.07818958333333327,0.14394931833808733
objective_conditioned_mean,transfer,0.07251041666666663,0.12096825561171305
objective_conditioned_mean,boundedness,0.08415624999999985,0.1278852016736056
objective_conditioned_mean,preservation,0.004097222222222304,0.00639731856322496
