objective,metric,condition,n,mean,sd,sem,ci95,ci95_low,ci95_high,ci95_excludes_zero
lexical_binding,acquisition,early,15,-0.30373333333333336,0.32441760271659265,0.08376426483585982,0.17967434807291932,-0.4834076814062527,-0.12405898526041403,True
lexical_binding,acquisition,middle,15,-0.4026666666666667,0.3043444164257393,0.07858139042187355,0.16855708245491877,-0.5712237491215855,-0.2341095842117479,True
lexical_binding,acquisition,late,15,-0.32186666666666663,0.314451419519924,0.08119100739946317,0.1741547108718485,-0.49602137753851516,-0.14771195579481813,True
lexical_binding,transfer,early,15,-0.22444444444444445,0.18277693346647275,0.047192801292434,0.10122855877227094,-0.3256730032167154,-0.12321588567217351,True
lexical_binding,transfer,middle,15,-0.21866666666666668,0.1903080210005423,0.04913731973231945,0.10539955082582521,-0.32406621749249187,-0.11326711584084147,True
lexical_binding,transfer,late,15,-0.28755555555555556,0.11149394365121128,0.028787612464275296,0.06174942873587051,-0.3493049842914261,-0.22580612681968504,True
lexical_binding,boundedness,early,15,0.15155555555555555,0.1822342233756112,0.04705267414951897,0.10092798605071819,0.050627569504837364,0.25248354160627373,True
lexical_binding,boundedness,middle,15,0.0,0.1749557767252165,0.04517338730530311,0.09689691576987518,-0.09689691576987518,0.09689691576987518,False
lexical_binding,boundedness,late,15,0.045333333333333344,0.13252612800189478,0.03421809911257939,0.0733978225964828,-0.02806448926314945,0.11873115592981615,False
factual_association,acquisition,early,15,-0.45413333333333333,0.10660331452007799,0.027524857452451555,0.059040819235508586,-0.5131741525688419,-0.39509251409782475,True
factual_association,acquisition,middle,15,-0.3888,0.1724525607646512,0.04452705972348778,0.09551054310688128,-0.48431054310688126,-0.2932894568931187,True
factual_association,acquisition,late,15,-0.24213333333333334,0.19221337350033935,0.049629279632344016,0.10645480481137791,-0.34858813814471123,-0.13567852852195544,True
factual_association,transfer,early,15,-0.5644444444444444,0.14094165553359397,0.03639097897790079,0.0780586499075972,-0.6425030943520416,-0.4863857945368472,True
factual_association,transfer,middle,15,-0.36,0.18442531933739034,0.04761841269417983,0.10214149522901574,-0.4621414952290157,-0.25785850477098426,True
factual_association,transfer,late,15,-0.16977777777777778,0.18461227781946984,0.04766668516668157,0.10224503968253197,-0.27202281746030976,-0.0675327380952458,True
factual_association,boundedness,early,15,0.046222222222222206,0.17410937388341294,0.04495484703127059,0.09642814688207542,-0.05020592465985321,0.14265036910429763,False
factual_association,boundedness,middle,15,0.11777777777777777,0.15546482614827115,0.04014084550621903,0.08610211361083983,0.03167566416693794,0.20387989138861762,True
factual_association,boundedness,late,15,0.0391111111111111,0.21992591345134255,0.05678462667976689,0.1218030242281,-0.0826919131169889,0.1609141353392111,False
behavioral_policy,acquisition,early,15,-0.2794666666666666,0.28971263266176284,0.07480348009899429,0.16045346481234277,-0.4399201314790093,-0.11901320185432382,True
behavioral_policy,acquisition,middle,15,-0.12079999999999995,0.14027075858597798,0.03621775413089158,0.07768708261076245,-0.1984870826107624,-0.043112917389237504,True
behavioral_policy,acquisition,late,15,-0.20026666666666665,0.35062545475736573,0.0905311031354453,0.19418921622553015,-0.3944558828921968,-0.0060774504411365005,True
behavioral_policy,transfer,early,15,-0.19822222222222222,0.17275483438744285,0.04460510643729244,0.09567795330799228,-0.2939001755302145,-0.10254426891422994,True
behavioral_policy,transfer,middle,15,-0.08755555555555557,0.09129984324007012,0.02357351815867596,0.05056519645035994,-0.1381207520059155,-0.03699035910519563,True
behavioral_policy,transfer,late,15,-0.1368888888888889,0.1950802304086611,0.050369498903136675,0.10804257514722818,-0.24493146403611707,-0.028846313741660717,True
behavioral_policy,boundedness,early,15,-0.20844444444444443,0.272664299287274,0.0704016193496618,0.15101147350502456,-0.35945591794946896,-0.057432970939419875,True
behavioral_policy,boundedness,middle,15,-0.09377777777777775,0.2443321531403533,0.06308629067037257,0.13532009348794916,-0.2290978712657269,0.041542315710171404,False
behavioral_policy,boundedness,late,15,-0.2671111111111111,0.2356950769790691,0.06085620719486732,0.1305365644329904,-0.39764767554410146,-0.1365745466781207,True
causal_mapping,acquisition,early,15,-0.12426666666666666,0.19461003742527427,0.05024809559685929,0.10778216505526318,-0.23204883172192986,-0.016484501611403482,True
causal_mapping,acquisition,middle,15,-0.12000000000000001,0.20327040400131333,0.052484192631596,0.11257859319477341,-0.23257859319477342,-0.007421406805226599,True
causal_mapping,acquisition,late,15,-0.1448,0.2056526891908505,0.0530992960225956,0.11389798996846758,-0.2586979899684676,-0.030902010031532437,True
causal_mapping,transfer,early,15,-0.2142222222222222,0.09594531070095426,0.024772972699432808,0.05313802644028337,-0.2673602486625056,-0.16108419578193883,True
causal_mapping,transfer,middle,15,-0.14,0.09196272536817762,0.02374467358818655,0.050932324846660146,-0.19093232484666017,-0.08906767515333987,True
causal_mapping,transfer,late,15,-0.23600000000000002,0.10351903436658631,0.026728499741150803,0.057332631944768474,-0.2933326319447685,-0.17866736805523153,True
causal_mapping,boundedness,early,15,-0.011111111111111113,0.12020265075561874,0.031036190969766515,0.06657262963014918,-0.07768374074126029,0.055461518519038064,False
causal_mapping,boundedness,middle,15,-0.003555555555555553,0.1111517386040767,0.028699255501039272,0.06155990304972924,-0.0651154586052848,0.058004347494173686,False
causal_mapping,boundedness,late,15,0.021333333333333336,0.10465969039535133,0.027023015861361337,0.05796436902262007,-0.03663103568928673,0.0792977023559534,False
procedural_reasoning,acquisition,early,15,-0.20826666666666668,0.20950808599010706,0.0540947551956984,0.11603324989477308,-0.32429991656143975,-0.0922334167718936,True
procedural_reasoning,acquisition,middle,15,-0.12560000000000002,0.2248443270989318,0.05805455562289172,0.12452702181110274,-0.25012702181110275,-0.001072978188897275,True
procedural_reasoning,acquisition,late,15,-0.15680000000000002,0.22778034532041108,0.058812632267955106,0.1261530962147637,-0.2829530962147637,-0.030646903785236324,True
procedural_reasoning,transfer,early,15,-0.296,0.13444300143525745,0.03471303370485946,0.07445945729692355,-0.37045945729692353,-0.22154054270307644,True
procedural_reasoning,transfer,middle,15,-0.09822222222222221,0.18675961404745256,0.048221124996660564,0.1034343131178369,-0.20165653534005912,0.005212090895614696,False
procedural_reasoning,transfer,late,15,-0.08666666666666667,0.1161553420728616,0.029991180361414578,0.06433108187523427,-0.15099774854190096,-0.022335584791432397,True
procedural_reasoning,boundedness,early,15,-0.20977777777777779,0.2662123113400181,0.06873572322501827,0.14743812631766418,-0.35721590409544196,-0.06233965146011361,True
procedural_reasoning,boundedness,middle,15,-0.172,0.18935479422300902,0.048891197636683086,0.10487161893068522,-0.27687161893068524,-0.06712838106931476,True
procedural_reasoning,boundedness,late,15,-0.15555555555555556,0.3167460218030249,0.08178347116137112,0.17542554564114105,-0.3309811011966966,0.019869990085585487,False
