objective,metric,contrast,condition_a,condition_b,delta_a_minus_b,ci_low,ci_high,p_boot_two_sided,n_paired_seeds,note
lexical_binding,acquisition,early_vs_late_acquisition,early,late,0.2093333333333333,0.17199999999999993,0.236,0.0,3,
lexical_binding,acquisition,early_vs_middle_acquisition,early,middle,0.10799999999999998,0.07599999999999996,0.132,0.0,3,
lexical_binding,boundedness,early_vs_full_boundedness,early,full,0.2833333333333334,0.25,0.3066666666666667,0.0,3,
lexical_binding,transfer,full_vs_early_transfer,full,early,0.44333333333333336,0.37333333333333335,0.48000000000000015,0.0,3,
factual_association,acquisition,late_vs_early_acquisition,late,early,0.19733333333333344,0.18000000000000008,0.21600000000000005,0.0,3,
factual_association,transfer,late_vs_early_transfer,late,early,0.42666666666666675,0.35333333333333333,0.4733333333333334,0.0,3,
factual_association,transfer,full_vs_late_transfer,full,late,0.18888888888888886,0.16666666666666663,0.21999999999999997,0.0,3,
factual_association,boundedness,late_vs_full_boundedness,late,full,0.23777777777777784,0.22000000000000006,0.2533333333333334,0.0,3,
behavioral_policy,boundedness,middle_vs_late_boundedness,middle,late,0.2155555555555556,0.15333333333333332,0.26666666666666683,0.0,3,
behavioral_policy,transfer,middle_vs_late_transfer,middle,late,0.028888888888888853,-0.053333333333333344,0.07999999999999996,0.5158,3,
behavioral_policy,acquisition,late_vs_middle_acquisition,late,middle,0.05066666666666664,0.008000000000000007,0.10399999999999998,0.0,3,
behavioral_policy,boundedness,full_vs_middle_boundedness,full,middle,0.037777777777777764,-0.01333333333333342,0.09333333333333338,0.0748,3,
causal_mapping,transfer,middle_vs_early_transfer,middle,early,0.12888888888888891,0.020000000000000018,0.22000000000000006,0.0,3,
causal_mapping,transfer,middle_vs_late_transfer,middle,late,0.09333333333333334,0.08666666666666667,0.09999999999999998,0.0,3,
causal_mapping,transfer,full_vs_middle_transfer,full,middle,0.12222222222222219,0.019999999999999907,0.17333333333333334,0.0,3,
causal_mapping,boundedness,middle_vs_early_boundedness,middle,early,0.21555555555555558,0.16666666666666666,0.3133333333333334,0.0,3,
procedural_reasoning,transfer,middle_vs_early_transfer,middle,early,0.2866666666666666,0.23333333333333328,0.34,0.0,3,
procedural_reasoning,transfer,full_vs_middle_transfer,full,middle,0.062222222222222213,-0.013333333333333308,0.17333333333333334,0.294,3,
procedural_reasoning,boundedness,late_vs_middle_boundedness,late,middle,0.055555555555555504,-0.01333333333333342,0.17999999999999994,0.5898,3,
procedural_reasoning,acquisition,middle_vs_late_acquisition,middle,late,0.15600000000000003,0.12,0.21200000000000008,0.0,3,
