episode_id,learning_type,config_id,mean,std,min,max,range
compiler::behavioral_policy::behavioral_0000,behavioral_policy,early__all__r16,0.4225694444444445,0.024481013523711546,0.3979166666666667,0.446875,0.048958333333333326
compiler::behavioral_policy::behavioral_0000,behavioral_policy,full__all__r4,0.75,0.0,0.75,0.75,0.0
compiler::behavioral_policy::behavioral_0000,behavioral_policy,late__all__r16,0.7496527777777778,0.0006014065304058901,0.7489583333333333,0.75,0.0010416666666667185
compiler::behavioral_policy::behavioral_0000,behavioral_policy,middle__all__r16,0.7312500000000001,0.02528054395731582,0.7020833333333334,0.746875,0.04479166666666656
compiler::behavioral_policy::behavioral_0006,behavioral_policy,early__all__r16,0.3996527777777778,0.0006014065304058981,0.3989583333333333,0.4,0.0010416666666667185
compiler::behavioral_policy::behavioral_0006,behavioral_policy,full__all__r4,0.7475694444444444,0.0012028130608117162,0.746875,0.7489583333333333,0.002083333333333326
compiler::behavioral_policy::behavioral_0006,behavioral_policy,late__all__r16,0.7475694444444444,0.000601406530405874,0.746875,0.7479166666666667,0.0010416666666667185
compiler::behavioral_policy::behavioral_0006,behavioral_policy,middle__all__r16,0.7552083333333334,0.024362532424013487,0.740625,0.7833333333333333,0.04270833333333335
compiler::behavioral_policy::behavioral_0007,behavioral_policy,early__all__r16,0.4666666666666666,0.0,0.4666666666666667,0.4666666666666667,0.0
compiler::behavioral_policy::behavioral_0007,behavioral_policy,full__all__r4,0.7083333333333334,0.0,0.7083333333333334,0.7083333333333334,0.0
compiler::behavioral_policy::behavioral_0007,behavioral_policy,late__all__r16,0.7472222222222222,0.000601406530405842,0.746875,0.7479166666666667,0.0010416666666667185
compiler::behavioral_policy::behavioral_0007,behavioral_policy,middle__all__r16,0.6909722222222222,0.015035163260146547,0.6822916666666666,0.7083333333333334,0.02604166666666674
compiler::behavioral_policy::behavioral_0012,behavioral_policy,early__all__r16,0.3107638888888889,0.05535880960539096,0.25,0.35833333333333334,0.10833333333333334
compiler::behavioral_policy::behavioral_0012,behavioral_policy,full__all__r4,0.75,0.0,0.75,0.75,0.0
compiler::behavioral_policy::behavioral_0012,behavioral_policy,late__all__r16,0.7493055555555556,0.001202813060811732,0.7479166666666667,0.75,0.002083333333333326
compiler::behavioral_policy::behavioral_0012,behavioral_policy,middle__all__r16,0.6048611111111111,0.025522604813801454,0.5791666666666666,0.6302083333333333,0.05104166666666665
compiler::causal_mapping::causal_0001,causal_mapping,early__all__r16,0.23993055555555556,0.0006014065304058581,0.23958333333333334,0.240625,0.001041666666666663
compiler::causal_mapping::causal_0001,causal_mapping,full__all__r4,0.6111111111111112,0.04589642122738416,0.5666666666666667,0.6583333333333333,0.09166666666666667
compiler::causal_mapping::causal_0001,causal_mapping,late__all__r16,0.5833333333333334,0.02500000000000001,0.5583333333333333,0.6083333333333334,0.050000000000000044
compiler::causal_mapping::causal_0001,causal_mapping,middle__all__r16,0.7319444444444444,0.02316000853562815,0.7052083333333333,0.7458333333333332,0.04062499999999991
compiler::causal_mapping::causal_0002,causal_mapping,early__all__r16,0.2465277777777778,0.0015911721163041387,0.24479166666666666,0.2479166666666667,0.0031250000000000444
compiler::causal_mapping::causal_0002,causal_mapping,full__all__r4,0.4934027777777777,0.06254627916220942,0.45729166666666665,0.5656249999999999,0.10833333333333328
compiler::causal_mapping::causal_0002,causal_mapping,late__all__r16,0.5135416666666667,0.062247754868036055,0.44166666666666665,0.5499999999999999,0.10833333333333328
compiler::causal_mapping::causal_0002,causal_mapping,middle__all__r16,0.548611111111111,0.03469443332443553,0.5208333333333333,0.5874999999999999,0.06666666666666665
compiler::causal_mapping::causal_0006,causal_mapping,early__all__r16,0.26354166666666673,0.014433756729740661,0.246875,0.27187500000000003,0.025000000000000022
compiler::causal_mapping::causal_0006,causal_mapping,full__all__r4,0.3767361111111111,0.03469443332443554,0.3489583333333333,0.41562499999999997,0.06666666666666665
compiler::causal_mapping::causal_0006,causal_mapping,late__all__r16,0.3993055555555555,0.014142647121122428,0.390625,0.41562499999999997,0.024999999999999967
compiler::causal_mapping::causal_0006,causal_mapping,middle__all__r16,0.5625,0.01004546954270101,0.5510416666666667,0.5697916666666667,0.018750000000000044
compiler::causal_mapping::causal_0010,causal_mapping,early__all__r16,0.2638888888888889,0.015636569790552404,0.2458333333333333,0.2729166666666667,0.027083333333333404
compiler::causal_mapping::causal_0010,causal_mapping,full__all__r4,0.46041666666666664,0.024362532424013535,0.43229166666666663,0.475,0.04270833333333335
compiler::causal_mapping::causal_0010,causal_mapping,late__all__r16,0.38888888888888884,0.02097176232019655,0.36666666666666664,0.4083333333333333,0.041666666666666685
compiler::causal_mapping::causal_0010,causal_mapping,middle__all__r16,0.37361111111111106,0.05293402493076045,0.31249999999999994,0.4052083333333333,0.09270833333333334
compiler::factual_association::factual_0006,factual_association,early__all__r16,0.5402777777777777,0.001202813060811732,0.5395833333333333,0.5416666666666666,0.002083333333333326
compiler::factual_association::factual_0006,factual_association,full__all__r4,0.6493055555555555,0.12402979966001597,0.5645833333333333,0.7916666666666666,0.2270833333333333
compiler::factual_association::factual_0006,factual_association,late__all__r16,0.6461805555555555,0.13862518368220808,0.5656249999999999,0.80625,0.2406250000000001
compiler::factual_association::factual_0006,factual_association,middle__all__r16,0.7722222222222221,0.01734721666221773,0.7583333333333333,0.7916666666666666,0.033333333333333326
compiler::factual_association::factual_0007,factual_association,early__all__r16,0.5402777777777777,0.0012028130608117162,0.5395833333333333,0.5416666666666666,0.002083333333333326
compiler::factual_association::factual_0007,factual_association,full__all__r4,0.5409722222222222,0.001202813060811748,0.5395833333333333,0.5416666666666666,0.002083333333333326
compiler::factual_association::factual_0007,factual_association,late__all__r16,0.6149305555555555,0.000601406530405818,0.6145833333333334,0.615625,0.0010416666666666075
compiler::factual_association::factual_0007,factual_association,middle__all__r16,0.6083333333333333,0.05833333333333336,0.5416666666666666,0.65,0.10833333333333339
compiler::factual_association::factual_0011,factual_association,early__all__r16,0.5381944444444444,0.0006014065304059542,0.5374999999999999,0.5385416666666667,0.0010416666666668295
compiler::factual_association::factual_0011,factual_association,full__all__r4,0.5493055555555556,0.04114693212316262,0.5083333333333333,0.590625,0.08229166666666665
compiler::factual_association::factual_0011,factual_association,late__all__r16,0.5440972222222222,0.04593187008836914,0.5,0.5916666666666667,0.09166666666666667
compiler::factual_association::factual_0011,factual_association,middle__all__r16,0.4517361111111111,0.048112522432468836,0.4239583333333333,0.5072916666666667,0.08333333333333337
compiler::factual_association::factual_0016,factual_association,early__all__r16,0.5413194444444444,0.0006014065304059302,0.5406249999999999,0.5416666666666666,0.0010416666666667185
compiler::factual_association::factual_0016,factual_association,full__all__r4,0.5416666666666666,0.0,0.5416666666666666,0.5416666666666666,0.0
compiler::factual_association::factual_0016,factual_association,late__all__r16,0.5413194444444444,0.000601406530405874,0.5406249999999999,0.5416666666666666,0.0010416666666667185
compiler::factual_association::factual_0016,factual_association,middle__all__r16,0.46041666666666664,0.042016758396038946,0.41562499999999997,0.4989583333333333,0.08333333333333331
compiler::lexical_binding::lexical_0001,lexical_binding,early__all__r16,0.7138888888888889,0.16548190009562747,0.525,0.8333333333333333,0.30833333333333324
compiler::lexical_binding::lexical_0001,lexical_binding,full__all__r4,0.7076388888888889,0.000601406530405842,0.7072916666666667,0.7083333333333333,0.0010416666666666075
compiler::lexical_binding::lexical_0001,lexical_binding,late__all__r16,0.6395833333333333,0.11023963796102453,0.55625,0.7645833333333333,0.20833333333333326
compiler::lexical_binding::lexical_0001,lexical_binding,middle__all__r16,0.7420138888888889,0.0015911721163040873,0.740625,0.74375,0.0031250000000000444
compiler::lexical_binding::lexical_0002,lexical_binding,early__all__r16,0.7045138888888888,0.07742977702647971,0.615625,0.7572916666666666,0.1416666666666666
compiler::lexical_binding::lexical_0002,lexical_binding,full__all__r4,0.7399305555555555,0.06732530548953525,0.6635416666666667,0.7906249999999999,0.12708333333333321
compiler::lexical_binding::lexical_0002,lexical_binding,late__all__r16,0.609375,0.048713928962874666,0.553125,0.6375,0.08437499999999998
compiler::lexical_binding::lexical_0002,lexical_binding,middle__all__r16,0.6604166666666665,0.043238578292744245,0.6166666666666667,0.7031249999999999,0.08645833333333319
compiler::lexical_binding::lexical_0003,lexical_binding,early__all__r16,0.7166666666666667,0.07949493345141209,0.6333333333333333,0.7916666666666666,0.15833333333333333
compiler::lexical_binding::lexical_0003,lexical_binding,full__all__r4,0.6215277777777777,0.0006014065304058901,0.6208333333333332,0.621875,0.0010416666666667185
compiler::lexical_binding::lexical_0003,lexical_binding,late__all__r16,0.6243055555555556,0.06421546214661777,0.5541666666666667,0.6802083333333333,0.1260416666666666
compiler::lexical_binding::lexical_0003,lexical_binding,middle__all__r16,0.6934027777777777,0.001202813060811748,0.6927083333333334,0.6947916666666667,0.002083333333333326
compiler::lexical_binding::lexical_0011,lexical_binding,early__all__r16,0.6350694444444445,0.024056261216234345,0.6072916666666667,0.6489583333333333,0.04166666666666663
compiler::lexical_binding::lexical_0011,lexical_binding,full__all__r4,0.5302083333333333,0.03376992724468191,0.5,0.5666666666666667,0.06666666666666665
compiler::lexical_binding::lexical_0011,lexical_binding,late__all__r16,0.3524305555555555,0.020971762320196517,0.3302083333333333,0.37187499999999996,0.04166666666666663
compiler::lexical_binding::lexical_0011,lexical_binding,middle__all__r16,0.4225694444444444,0.024056261216234377,0.39479166666666665,0.4364583333333333,0.04166666666666663
compiler::procedural_reasoning::procedural_0007,procedural_reasoning,early__all__r16,0.2732638888888889,0.001202813060811684,0.27187500000000003,0.2739583333333333,0.0020833333333332704
compiler::procedural_reasoning::procedural_0007,procedural_reasoning,full__all__r4,0.3531250000000001,0.02091131239571324,0.33125000000000004,0.3729166666666667,0.04166666666666663
compiler::procedural_reasoning::procedural_0007,procedural_reasoning,late__all__r16,0.2961805555555555,0.02097176232019651,0.2739583333333333,0.31562499999999993,0.04166666666666663
compiler::procedural_reasoning::procedural_0007,procedural_reasoning,middle__all__r16,0.46493055555555557,0.023761266820730053,0.43749999999999994,0.47916666666666663,0.041666666666666685
compiler::procedural_reasoning::procedural_0008,procedural_reasoning,early__all__r16,0.27222222222222225,0.000601406530405874,0.27187500000000003,0.2729166666666667,0.001041666666666663
compiler::procedural_reasoning::procedural_0008,procedural_reasoning,full__all__r4,0.39652777777777776,0.0012028130608117843,0.39583333333333326,0.3979166666666667,0.002083333333333437
compiler::procedural_reasoning::procedural_0008,procedural_reasoning,late__all__r16,0.3489583333333333,0.06614378277661477,0.2989583333333333,0.4239583333333333,0.125
compiler::procedural_reasoning::procedural_0008,procedural_reasoning,middle__all__r16,0.4083333333333334,0.023454854685828558,0.39479166666666665,0.4354166666666667,0.04062500000000002
compiler::procedural_reasoning::procedural_0011,procedural_reasoning,early__all__r16,0.2715277777777778,0.0006014065304058981,0.2708333333333333,0.27187500000000003,0.0010416666666667185
compiler::procedural_reasoning::procedural_0011,procedural_reasoning,full__all__r4,0.33993055555555557,0.023761266820730053,0.31249999999999994,0.35416666666666663,0.041666666666666685
compiler::procedural_reasoning::procedural_0011,procedural_reasoning,late__all__r16,0.3684027777777777,0.029265704869035392,0.34062499999999996,0.3989583333333333,0.05833333333333335
compiler::procedural_reasoning::procedural_0011,procedural_reasoning,middle__all__r16,0.4628472222222222,0.024657667746640275,0.43437499999999996,0.4770833333333333,0.04270833333333335
compiler::procedural_reasoning::procedural_0019,procedural_reasoning,early__all__r16,0.2725694444444445,0.000601406530405842,0.27187500000000003,0.2729166666666667,0.001041666666666663
compiler::procedural_reasoning::procedural_0019,procedural_reasoning,full__all__r4,0.38749999999999996,0.05401621734360068,0.3302083333333333,0.43749999999999994,0.10729166666666662
compiler::procedural_reasoning::procedural_0019,procedural_reasoning,late__all__r16,0.37118055555555546,0.06364688465216443,0.31562499999999993,0.44062499999999993,0.125
compiler::procedural_reasoning::procedural_0019,procedural_reasoning,middle__all__r16,0.4684027777777778,0.014142647121122408,0.45208333333333334,0.4770833333333333,0.024999999999999967
