episode_id,learning_type,seed11_oracle,seed22_oracle,seed33_oracle,common_oracle_exists,exact_same_oracle_set,same_unique_winner_all_seeds
compiler::behavioral_policy::behavioral_0000,behavioral_policy,full__all__r4|late__all__r16,full__all__r4,full__all__r4|late__all__r16,True,False,False
compiler::behavioral_policy::behavioral_0006,behavioral_policy,middle__all__r16,late__all__r16,full__all__r4,False,False,False
compiler::behavioral_policy::behavioral_0007,behavioral_policy,late__all__r16,late__all__r16,late__all__r16,True,True,True
compiler::behavioral_policy::behavioral_0012,behavioral_policy,full__all__r4|late__all__r16,full__all__r4,full__all__r4|late__all__r16,True,False,False
compiler::causal_mapping::causal_0001,causal_mapping,middle__all__r16,middle__all__r16,middle__all__r16,True,True,True
compiler::causal_mapping::causal_0002,causal_mapping,middle__all__r16,late__all__r16,middle__all__r16,False,False,False
compiler::causal_mapping::causal_0006,causal_mapping,middle__all__r16,middle__all__r16,middle__all__r16,True,True,True
compiler::causal_mapping::causal_0010,causal_mapping,full__all__r4,full__all__r4,full__all__r4,True,True,True
compiler::factual_association::factual_0006,factual_association,middle__all__r16,middle__all__r16,late__all__r16,False,False,False
compiler::factual_association::factual_0007,factual_association,late__all__r16,middle__all__r16,middle__all__r16,False,False,False
compiler::factual_association::factual_0011,factual_association,late__all__r16,full__all__r4,early__all__r16,False,False,False
compiler::factual_association::factual_0016,factual_association,full__all__r4|late__all__r16,early__all__r16|full__all__r4|late__all__r16,early__all__r16|full__all__r4,True,False,False
compiler::lexical_binding::lexical_0001,lexical_binding,middle__all__r16,early__all__r16,early__all__r16,False,False,False
compiler::lexical_binding::lexical_0002,lexical_binding,middle__all__r16,full__all__r4,full__all__r4,False,False,False
compiler::lexical_binding::lexical_0003,lexical_binding,middle__all__r16,early__all__r16,early__all__r16,False,False,False
compiler::lexical_binding::lexical_0011,lexical_binding,early__all__r16,early__all__r16,early__all__r16,True,True,True
compiler::procedural_reasoning::procedural_0007,procedural_reasoning,middle__all__r16,middle__all__r16,middle__all__r16,True,True,True
compiler::procedural_reasoning::procedural_0008,procedural_reasoning,middle__all__r16,full__all__r4,full__all__r4,False,False,False
compiler::procedural_reasoning::procedural_0011,procedural_reasoning,middle__all__r16,middle__all__r16,middle__all__r16,True,True,True
compiler::procedural_reasoning::procedural_0019,procedural_reasoning,middle__all__r16,middle__all__r16,middle__all__r16,True,True,True
