episode_id,spec_id,meta_split,learning_type,model_name,model_slug,seed,config_id,id_eval,paraphrase_eval,acquisition,transfer,generalization,boundedness,preservation,exploratory_balanced_utility,trainable_parameters,parameter_cost,boundedness_metric_source,n_id_eval,n_paraphrase_eval,n_generalization,n_negative_control,n_preservation_total,n_preservation_baseline_correct,n_preservation_evaluated,n_preservation_retained,preservation_source_file,source_file
compiler::behavioral_policy::behavioral_0001,behavioral_0001,train,behavioral_policy,meta-llama/Llama-3.1-8B-Instruct,llama_3_1_8b_instruct,11,full__all__r16,0.8,0.8,0.8,0.5,0.5,0.0,1.0,0.575,,3584,concept_accuracy,5,5,6,6,300,240,240,240,<ARCHIVE_ROOT>/results/compiler/calibration/gradacc_8/compiler__behavioral_policy__behavioral_0001/full__all__r16/seed_11/preservation_summary.json,<ARCHIVE_ROOT>/results/compiler/calibration/gradacc_8/compiler__behavioral_policy__behavioral_0001/full__all__r16/seed_11/evaluation.jsonl
compiler::behavioral_policy::behavioral_0002,behavioral_0002,train,behavioral_policy,meta-llama/Llama-3.1-8B-Instruct,llama_3_1_8b_instruct,11,full__all__r16,0.6,1.0,0.8,0.6666666666666666,0.6666666666666666,0.0,1.0,0.6166666666666667,,3584,concept_accuracy,5,5,6,6,300,240,240,240,<ARCHIVE_ROOT>/results/compiler/calibration/gradacc_8/compiler__behavioral_policy__behavioral_0002/full__all__r16/seed_11/preservation_summary.json,<ARCHIVE_ROOT>/results/compiler/calibration/gradacc_8/compiler__behavioral_policy__behavioral_0002/full__all__r16/seed_11/evaluation.jsonl
compiler::behavioral_policy::behavioral_0003,behavioral_0003,train,behavioral_policy,meta-llama/Llama-3.1-8B-Instruct,llama_3_1_8b_instruct,11,full__all__r16,0.8,1.0,0.9,0.6666666666666666,0.6666666666666666,0.0,0.9916666666666667,0.6395833333333334,,3584,concept_accuracy,5,5,6,6,300,240,240,238,<ARCHIVE_ROOT>/results/compiler/calibration/gradacc_8/compiler__behavioral_policy__behavioral_0003/full__all__r16/seed_11/preservation_summary.json,<ARCHIVE_ROOT>/results/compiler/calibration/gradacc_8/compiler__behavioral_policy__behavioral_0003/full__all__r16/seed_11/evaluation.jsonl
compiler::behavioral_policy::behavioral_0004,behavioral_0004,train,behavioral_policy,meta-llama/Llama-3.1-8B-Instruct,llama_3_1_8b_instruct,11,full__all__r16,0.8,0.8,0.8,0.6666666666666666,0.6666666666666666,0.0,1.0,0.6166666666666667,,3584,concept_accuracy,5,5,6,6,300,240,240,240,<ARCHIVE_ROOT>/results/compiler/calibration/gradacc_8/compiler__behavioral_policy__behavioral_0004/full__all__r16/seed_11/preservation_summary.json,<ARCHIVE_ROOT>/results/compiler/calibration/gradacc_8/compiler__behavioral_policy__behavioral_0004/full__all__r16/seed_11/evaluation.jsonl
compiler::behavioral_policy::behavioral_0005,behavioral_0005,train,behavioral_policy,meta-llama/Llama-3.1-8B-Instruct,llama_3_1_8b_instruct,11,full__all__r16,1.0,1.0,1.0,1.0,1.0,0.0,1.0,0.75,,3584,concept_accuracy,5,5,6,6,300,240,240,240,<ARCHIVE_ROOT>/results/compiler/calibration/gradacc_8/compiler__behavioral_policy__behavioral_0005/full__all__r16/seed_11/preservation_summary.json,<ARCHIVE_ROOT>/results/compiler/calibration/gradacc_8/compiler__behavioral_policy__behavioral_0005/full__all__r16/seed_11/evaluation.jsonl
compiler::causal_mapping::causal_0000,causal_0000,train,causal_mapping,meta-llama/Llama-3.1-8B-Instruct,llama_3_1_8b_instruct,11,full__all__r16,0.4,0.0,0.2,0.0,0.0,0.0,0.9958333333333333,0.2989583333333333,,3584,concept_accuracy,5,5,6,6,300,240,240,239,<ARCHIVE_ROOT>/results/compiler/calibration/gradacc_8/compiler__causal_mapping__causal_0000/full__all__r16/seed_11/preservation_summary.json,<ARCHIVE_ROOT>/results/compiler/calibration/gradacc_8/compiler__causal_mapping__causal_0000/full__all__r16/seed_11/evaluation.jsonl
compiler::causal_mapping::causal_0003,causal_0003,train,causal_mapping,meta-llama/Llama-3.1-8B-Instruct,llama_3_1_8b_instruct,11,full__all__r16,0.2,0.0,0.1,0.0,0.0,0.0,1.0,0.275,,3584,concept_accuracy,5,5,6,6,300,240,240,240,<ARCHIVE_ROOT>/results/compiler/calibration/gradacc_8/compiler__causal_mapping__causal_0003/full__all__r16/seed_11/preservation_summary.json,<ARCHIVE_ROOT>/results/compiler/calibration/gradacc_8/compiler__causal_mapping__causal_0003/full__all__r16/seed_11/evaluation.jsonl
compiler::causal_mapping::causal_0004,causal_0004,train,causal_mapping,meta-llama/Llama-3.1-8B-Instruct,llama_3_1_8b_instruct,11,full__all__r16,0.4,0.0,0.2,0.0,0.0,0.0,0.9916666666666667,0.29791666666666666,,3584,concept_accuracy,5,5,6,6,300,240,240,238,<ARCHIVE_ROOT>/results/compiler/calibration/gradacc_8/compiler__causal_mapping__causal_0004/full__all__r16/seed_11/preservation_summary.json,<ARCHIVE_ROOT>/results/compiler/calibration/gradacc_8/compiler__causal_mapping__causal_0004/full__all__r16/seed_11/evaluation.jsonl
compiler::causal_mapping::causal_0005,causal_0005,train,causal_mapping,meta-llama/Llama-3.1-8B-Instruct,llama_3_1_8b_instruct,11,full__all__r16,0.4,0.2,0.30000000000000004,0.0,0.0,0.0,0.9916666666666667,0.3229166666666667,,3584,concept_accuracy,5,5,6,6,300,240,240,238,<ARCHIVE_ROOT>/results/compiler/calibration/gradacc_8/compiler__causal_mapping__causal_0005/full__all__r16/seed_11/preservation_summary.json,<ARCHIVE_ROOT>/results/compiler/calibration/gradacc_8/compiler__causal_mapping__causal_0005/full__all__r16/seed_11/evaluation.jsonl
compiler::causal_mapping::causal_0008,causal_0008,train,causal_mapping,meta-llama/Llama-3.1-8B-Instruct,llama_3_1_8b_instruct,11,full__all__r16,0.4,0.0,0.2,0.0,0.0,0.0,0.9916666666666667,0.29791666666666666,,3584,concept_accuracy,5,5,6,6,300,240,240,238,<ARCHIVE_ROOT>/results/compiler/calibration/gradacc_8/compiler__causal_mapping__causal_0008/full__all__r16/seed_11/preservation_summary.json,<ARCHIVE_ROOT>/results/compiler/calibration/gradacc_8/compiler__causal_mapping__causal_0008/full__all__r16/seed_11/evaluation.jsonl
compiler::factual_association::factual_0000,factual_0000,train,factual_association,meta-llama/Llama-3.1-8B-Instruct,llama_3_1_8b_instruct,11,full__all__r16,0.0,0.0,0.0,0.16666666666666666,0.16666666666666666,1.0,0.9916666666666667,0.5395833333333333,,3584,strict_accuracy,5,5,6,6,300,240,240,238,<ARCHIVE_ROOT>/results/compiler/calibration/gradacc_8/compiler__factual_association__factual_0000/full__all__r16/seed_11/preservation_summary.json,<ARCHIVE_ROOT>/results/compiler/calibration/gradacc_8/compiler__factual_association__factual_0000/full__all__r16/seed_11/evaluation.jsonl
compiler::factual_association::factual_0001,factual_0001,train,factual_association,meta-llama/Llama-3.1-8B-Instruct,llama_3_1_8b_instruct,11,full__all__r16,0.0,0.0,0.0,0.16666666666666666,0.16666666666666666,1.0,0.9958333333333333,0.540625,,3584,strict_accuracy,5,5,6,6,300,240,240,239,<ARCHIVE_ROOT>/results/compiler/calibration/gradacc_8/compiler__factual_association__factual_0001/full__all__r16/seed_11/preservation_summary.json,<ARCHIVE_ROOT>/results/compiler/calibration/gradacc_8/compiler__factual_association__factual_0001/full__all__r16/seed_11/evaluation.jsonl
compiler::factual_association::factual_0002,factual_0002,train,factual_association,meta-llama/Llama-3.1-8B-Instruct,llama_3_1_8b_instruct,11,full__all__r16,0.0,0.0,0.0,0.16666666666666666,0.16666666666666666,1.0,0.9916666666666667,0.5395833333333333,,3584,strict_accuracy,5,5,6,6,300,240,240,238,<ARCHIVE_ROOT>/results/compiler/calibration/gradacc_8/compiler__factual_association__factual_0002/full__all__r16/seed_11/preservation_summary.json,<ARCHIVE_ROOT>/results/compiler/calibration/gradacc_8/compiler__factual_association__factual_0002/full__all__r16/seed_11/evaluation.jsonl
compiler::factual_association::factual_0003,factual_0003,train,factual_association,meta-llama/Llama-3.1-8B-Instruct,llama_3_1_8b_instruct,11,full__all__r16,0.0,0.0,0.0,0.16666666666666666,0.16666666666666666,1.0,0.9916666666666667,0.5395833333333333,,3584,strict_accuracy,5,5,6,6,300,240,240,238,<ARCHIVE_ROOT>/results/compiler/calibration/gradacc_8/compiler__factual_association__factual_0003/full__all__r16/seed_11/preservation_summary.json,<ARCHIVE_ROOT>/results/compiler/calibration/gradacc_8/compiler__factual_association__factual_0003/full__all__r16/seed_11/evaluation.jsonl
compiler::factual_association::factual_0004,factual_0004,train,factual_association,meta-llama/Llama-3.1-8B-Instruct,llama_3_1_8b_instruct,11,full__all__r16,0.0,0.0,0.0,0.16666666666666666,0.16666666666666666,1.0,1.0,0.5416666666666666,,3584,strict_accuracy,5,5,6,6,300,240,240,240,<ARCHIVE_ROOT>/results/compiler/calibration/gradacc_8/compiler__factual_association__factual_0004/full__all__r16/seed_11/preservation_summary.json,<ARCHIVE_ROOT>/results/compiler/calibration/gradacc_8/compiler__factual_association__factual_0004/full__all__r16/seed_11/evaluation.jsonl
compiler::lexical_binding::lexical_0000,lexical_0000,train,lexical_binding,meta-llama/Llama-3.1-8B-Instruct,llama_3_1_8b_instruct,11,full__all__r16,1.0,1.0,1.0,0.3333333333333333,0.3333333333333333,1.0,1.0,0.8333333333333334,,3584,strict_accuracy,5,5,6,6,300,240,240,240,<ARCHIVE_ROOT>/results/compiler/calibration/gradacc_8/compiler__lexical_binding__lexical_0000/full__all__r16/seed_11/preservation_summary.json,<ARCHIVE_ROOT>/results/compiler/calibration/gradacc_8/compiler__lexical_binding__lexical_0000/full__all__r16/seed_11/evaluation.jsonl
compiler::lexical_binding::lexical_0005,lexical_0005,train,lexical_binding,meta-llama/Llama-3.1-8B-Instruct,llama_3_1_8b_instruct,11,full__all__r16,1.0,1.0,1.0,0.3333333333333333,0.3333333333333333,1.0,1.0,0.8333333333333334,,3584,strict_accuracy,5,5,6,6,300,240,240,240,<ARCHIVE_ROOT>/results/compiler/calibration/gradacc_8/compiler__lexical_binding__lexical_0005/full__all__r16/seed_11/preservation_summary.json,<ARCHIVE_ROOT>/results/compiler/calibration/gradacc_8/compiler__lexical_binding__lexical_0005/full__all__r16/seed_11/evaluation.jsonl
compiler::lexical_binding::lexical_0007,lexical_0007,train,lexical_binding,meta-llama/Llama-3.1-8B-Instruct,llama_3_1_8b_instruct,11,full__all__r16,1.0,1.0,1.0,0.3333333333333333,0.3333333333333333,1.0,1.0,0.8333333333333334,,3584,strict_accuracy,5,5,6,6,300,240,240,240,<ARCHIVE_ROOT>/results/compiler/calibration/gradacc_8/compiler__lexical_binding__lexical_0007/full__all__r16/seed_11/preservation_summary.json,<ARCHIVE_ROOT>/results/compiler/calibration/gradacc_8/compiler__lexical_binding__lexical_0007/full__all__r16/seed_11/evaluation.jsonl
compiler::lexical_binding::lexical_0008,lexical_0008,train,lexical_binding,meta-llama/Llama-3.1-8B-Instruct,llama_3_1_8b_instruct,11,full__all__r16,0.8,1.0,0.9,0.3333333333333333,0.3333333333333333,0.8333333333333334,1.0,0.7666666666666667,,3584,strict_accuracy,5,5,6,6,300,240,240,240,<ARCHIVE_ROOT>/results/compiler/calibration/gradacc_8/compiler__lexical_binding__lexical_0008/full__all__r16/seed_11/preservation_summary.json,<ARCHIVE_ROOT>/results/compiler/calibration/gradacc_8/compiler__lexical_binding__lexical_0008/full__all__r16/seed_11/evaluation.jsonl
compiler::lexical_binding::lexical_0009,lexical_0009,train,lexical_binding,meta-llama/Llama-3.1-8B-Instruct,llama_3_1_8b_instruct,11,full__all__r16,0.8,1.0,0.9,0.3333333333333333,0.3333333333333333,1.0,1.0,0.8083333333333333,,3584,strict_accuracy,5,5,6,6,300,240,240,240,<ARCHIVE_ROOT>/results/compiler/calibration/gradacc_8/compiler__lexical_binding__lexical_0009/full__all__r16/seed_11/preservation_summary.json,<ARCHIVE_ROOT>/results/compiler/calibration/gradacc_8/compiler__lexical_binding__lexical_0009/full__all__r16/seed_11/evaluation.jsonl
compiler::procedural_reasoning::procedural_0000,procedural_0000,train,procedural_reasoning,meta-llama/Llama-3.1-8B-Instruct,llama_3_1_8b_instruct,11,full__all__r16,0.2,0.0,0.1,0.0,0.0,0.0,0.9958333333333333,0.27395833333333336,,3584,concept_accuracy,5,5,6,6,300,240,240,239,<ARCHIVE_ROOT>/results/compiler/calibration/gradacc_8/compiler__procedural_reasoning__procedural_0000/full__all__r16/seed_11/preservation_summary.json,<ARCHIVE_ROOT>/results/compiler/calibration/gradacc_8/compiler__procedural_reasoning__procedural_0000/full__all__r16/seed_11/evaluation.jsonl
compiler::procedural_reasoning::procedural_0001,procedural_0001,train,procedural_reasoning,meta-llama/Llama-3.1-8B-Instruct,llama_3_1_8b_instruct,11,full__all__r16,0.0,0.0,0.0,0.0,0.0,0.0,1.0,0.25,,3584,concept_accuracy,5,5,6,6,300,240,240,240,<ARCHIVE_ROOT>/results/compiler/calibration/gradacc_8/compiler__procedural_reasoning__procedural_0001/full__all__r16/seed_11/preservation_summary.json,<ARCHIVE_ROOT>/results/compiler/calibration/gradacc_8/compiler__procedural_reasoning__procedural_0001/full__all__r16/seed_11/evaluation.jsonl
compiler::procedural_reasoning::procedural_0002,procedural_0002,train,procedural_reasoning,meta-llama/Llama-3.1-8B-Instruct,llama_3_1_8b_instruct,11,full__all__r16,0.0,0.0,0.0,0.0,0.0,0.0,0.9833333333333333,0.24583333333333332,,3584,concept_accuracy,5,5,6,6,300,240,240,236,<ARCHIVE_ROOT>/results/compiler/calibration/gradacc_8/compiler__procedural_reasoning__procedural_0002/full__all__r16/seed_11/preservation_summary.json,<ARCHIVE_ROOT>/results/compiler/calibration/gradacc_8/compiler__procedural_reasoning__procedural_0002/full__all__r16/seed_11/evaluation.jsonl
compiler::procedural_reasoning::procedural_0003,procedural_0003,train,procedural_reasoning,meta-llama/Llama-3.1-8B-Instruct,llama_3_1_8b_instruct,11,full__all__r16,0.0,0.0,0.0,0.0,0.0,0.0,1.0,0.25,,3584,concept_accuracy,5,5,6,6,300,240,240,240,<ARCHIVE_ROOT>/results/compiler/calibration/gradacc_8/compiler__procedural_reasoning__procedural_0003/full__all__r16/seed_11/preservation_summary.json,<ARCHIVE_ROOT>/results/compiler/calibration/gradacc_8/compiler__procedural_reasoning__procedural_0003/full__all__r16/seed_11/evaluation.jsonl
compiler::procedural_reasoning::procedural_0004,procedural_0004,train,procedural_reasoning,meta-llama/Llama-3.1-8B-Instruct,llama_3_1_8b_instruct,11,full__all__r16,0.0,0.0,0.0,0.0,0.0,0.0,1.0,0.25,,3584,concept_accuracy,5,5,6,6,300,240,240,240,<ARCHIVE_ROOT>/results/compiler/calibration/gradacc_8/compiler__procedural_reasoning__procedural_0004/full__all__r16/seed_11/preservation_summary.json,<ARCHIVE_ROOT>/results/compiler/calibration/gradacc_8/compiler__procedural_reasoning__procedural_0004/full__all__r16/seed_11/evaluation.jsonl
