objective,model_i,model_j,cosine_similarity,euclidean_distance
behavioral_policy,gemma_2_9b_it,llama_3_1_8b_instruct,0.74638295649219,1.5001383969076132
behavioral_policy,gemma_2_9b_it,mistral_7b_instruct_v0_3,0.7478111496308439,1.5506933534852112
behavioral_policy,gemma_2_9b_it,olmo_2_1124_7b_instruct,0.8316660934806378,1.5591348028099858
behavioral_policy,gemma_2_9b_it,qwen2_5_14b_instruct,0.6666951428569905,1.6045077242060997
behavioral_policy,llama_3_1_8b_instruct,mistral_7b_instruct_v0_3,0.8648064720320882,0.20698088418922428
behavioral_policy,llama_3_1_8b_instruct,olmo_2_1124_7b_instruct,0.7933555238929164,0.2538089103301201
behavioral_policy,llama_3_1_8b_instruct,qwen2_5_14b_instruct,0.6720553018042055,0.3030377884597363
behavioral_policy,mistral_7b_instruct_v0_3,olmo_2_1124_7b_instruct,0.8707317633408896,0.16154439820864294
behavioral_policy,mistral_7b_instruct_v0_3,qwen2_5_14b_instruct,0.7709830053848845,0.2112920861722283
behavioral_policy,olmo_2_1124_7b_instruct,qwen2_5_14b_instruct,0.8243626215256736,0.16634457766491376
causal_mapping,gemma_2_9b_it,llama_3_1_8b_instruct,0.5350840116006588,0.8438700970769971
causal_mapping,gemma_2_9b_it,mistral_7b_instruct_v0_3,0.43071069712560855,0.8550340690634842
causal_mapping,gemma_2_9b_it,olmo_2_1124_7b_instruct,0.6144084792807571,0.7837564499508161
causal_mapping,gemma_2_9b_it,qwen2_5_14b_instruct,0.5178853927656583,0.8103053532046414
causal_mapping,llama_3_1_8b_instruct,mistral_7b_instruct_v0_3,0.8517170714190084,0.22488801053846916
causal_mapping,llama_3_1_8b_instruct,olmo_2_1124_7b_instruct,0.8707492437869946,0.18109570486620508
causal_mapping,llama_3_1_8b_instruct,qwen2_5_14b_instruct,0.903650622719582,0.2970452016980781
causal_mapping,mistral_7b_instruct_v0_3,olmo_2_1124_7b_instruct,0.8633695588740169,0.1971360375069729
causal_mapping,mistral_7b_instruct_v0_3,qwen2_5_14b_instruct,0.8905696617074601,0.23059343731627177
causal_mapping,olmo_2_1124_7b_instruct,qwen2_5_14b_instruct,0.8815370997141151,0.2504269933780017
factual_association,gemma_2_9b_it,llama_3_1_8b_instruct,0.883289545869202,0.6034352686550482
factual_association,gemma_2_9b_it,mistral_7b_instruct_v0_3,0.6392210111744182,0.9999543693292914
factual_association,gemma_2_9b_it,olmo_2_1124_7b_instruct,0.8332539616050175,0.7073982237138996
factual_association,gemma_2_9b_it,qwen2_5_14b_instruct,0.8690651930176281,0.6779067272598772
factual_association,llama_3_1_8b_instruct,mistral_7b_instruct_v0_3,0.8636581507980478,0.7224191184596718
factual_association,llama_3_1_8b_instruct,olmo_2_1124_7b_instruct,0.9348626250225454,0.42649996743519486
factual_association,llama_3_1_8b_instruct,qwen2_5_14b_instruct,0.9114463435842276,0.5408845065101385
factual_association,mistral_7b_instruct_v0_3,olmo_2_1124_7b_instruct,0.7966456388619393,0.6940035222453045
factual_association,mistral_7b_instruct_v0_3,qwen2_5_14b_instruct,0.7178003397627358,0.6045999799888098
factual_association,olmo_2_1124_7b_instruct,qwen2_5_14b_instruct,0.9716358571096952,0.316935636258948
lexical_binding,gemma_2_9b_it,llama_3_1_8b_instruct,0.6400445376498363,1.3365675589008483
lexical_binding,gemma_2_9b_it,mistral_7b_instruct_v0_3,0.5466628718616918,1.356465632570792
lexical_binding,gemma_2_9b_it,olmo_2_1124_7b_instruct,0.6922492908159409,1.1798258921563254
lexical_binding,gemma_2_9b_it,qwen2_5_14b_instruct,0.704586311564865,1.1215448780946071
lexical_binding,llama_3_1_8b_instruct,mistral_7b_instruct_v0_3,0.865111177061837,0.27051008059535175
lexical_binding,llama_3_1_8b_instruct,olmo_2_1124_7b_instruct,0.7079588556654679,0.5529135400006491
lexical_binding,llama_3_1_8b_instruct,qwen2_5_14b_instruct,0.6686696104101889,0.7797318944101838
lexical_binding,mistral_7b_instruct_v0_3,olmo_2_1124_7b_instruct,0.7032980249870491,0.5459992312209122
lexical_binding,mistral_7b_instruct_v0_3,qwen2_5_14b_instruct,0.6325281624444938,0.781192504057138
lexical_binding,olmo_2_1124_7b_instruct,qwen2_5_14b_instruct,0.7387982683436166,0.6751097944541327
procedural_reasoning,gemma_2_9b_it,llama_3_1_8b_instruct,0.735480201889001,1.1993954032483753
procedural_reasoning,gemma_2_9b_it,mistral_7b_instruct_v0_3,0.24257741693929316,1.4473652520492213
procedural_reasoning,gemma_2_9b_it,olmo_2_1124_7b_instruct,0.30767110894002014,1.4179118013978198
procedural_reasoning,gemma_2_9b_it,qwen2_5_14b_instruct,0.8156673133999315,1.105941663453802
procedural_reasoning,llama_3_1_8b_instruct,mistral_7b_instruct_v0_3,0.5196850094157418,0.3867248998295148
procedural_reasoning,llama_3_1_8b_instruct,olmo_2_1124_7b_instruct,0.3881665207284987,0.4874536508514375
procedural_reasoning,llama_3_1_8b_instruct,qwen2_5_14b_instruct,0.7455035527593109,0.35310348918422496
procedural_reasoning,mistral_7b_instruct_v0_3,olmo_2_1124_7b_instruct,0.7132136773395407,0.3041526582263796
procedural_reasoning,mistral_7b_instruct_v0_3,qwen2_5_14b_instruct,0.7256607952702138,0.3710403126080062
procedural_reasoning,olmo_2_1124_7b_instruct,qwen2_5_14b_instruct,0.684183269231089,0.3883831632312111
