model_slug,objective,contrast_id,metric,preferred_condition,mislocated_condition,delta_mean,delta_sd,n_seeds
gemma_2_9b_it,behavioral_policy,behavioral_acquisition_late_vs_middle,acquisition,late,middle,-0.4866666666666667,0.026633312473917564,3
gemma_2_9b_it,behavioral_policy,behavioral_acquisition_late_vs_middle,boundedness,late,middle,-0.1,0.04055175020198813,3
gemma_2_9b_it,behavioral_policy,behavioral_acquisition_late_vs_middle,transfer,late,middle,-0.2711111111111111,0.027755546659548467,3
gemma_2_9b_it,behavioral_policy,behavioral_gating_middle_vs_late,acquisition,middle,late,0.4866666666666667,0.026633312473917564,3
gemma_2_9b_it,behavioral_policy,behavioral_gating_middle_vs_late,boundedness,middle,late,0.1,0.04055175020198813,3
gemma_2_9b_it,behavioral_policy,behavioral_gating_middle_vs_late,transfer,middle,late,0.2711111111111111,0.027755546659548467,3
gemma_2_9b_it,causal_mapping,causal_middle_vs_early,acquisition,middle,early,-0.034666666666666665,0.03780652501002087,3
gemma_2_9b_it,causal_mapping,causal_middle_vs_early,boundedness,middle,early,0.0,0.0,3
gemma_2_9b_it,causal_mapping,causal_middle_vs_early,transfer,middle,early,0.0,0.0,3
gemma_2_9b_it,causal_mapping,causal_middle_vs_late,acquisition,middle,late,0.016,0.024979991993593593,3
gemma_2_9b_it,causal_mapping,causal_middle_vs_late,boundedness,middle,late,0.0,0.0,3
gemma_2_9b_it,causal_mapping,causal_middle_vs_late,transfer,middle,late,0.0,0.0,3
gemma_2_9b_it,factual_association,factual_late_vs_early,acquisition,late,early,-0.08,0.021166010488516726,3
gemma_2_9b_it,factual_association,factual_late_vs_early,boundedness,late,early,-0.15333333333333332,0.11135528725660043,3
gemma_2_9b_it,factual_association,factual_late_vs_early,transfer,late,early,0.07777777777777778,0.010183501544346314,3
gemma_2_9b_it,factual_association,factual_late_vs_middle,acquisition,late,middle,0.005333333333333333,0.018475208614068026,3
gemma_2_9b_it,factual_association,factual_late_vs_middle,boundedness,late,middle,-0.45555555555555555,0.12602175003340285,3
gemma_2_9b_it,factual_association,factual_late_vs_middle,transfer,late,middle,-0.002222222222222218,0.003849001794597498,3
gemma_2_9b_it,lexical_binding,lexical_early_vs_late,acquisition,early,late,0.12933333333333333,0.03843609414773219,3
gemma_2_9b_it,lexical_binding,lexical_early_vs_late,boundedness,early,late,0.006666666666666672,0.03055050463303896,3
gemma_2_9b_it,lexical_binding,lexical_early_vs_late,transfer,early,late,0.1,0.013333333333333336,3
gemma_2_9b_it,lexical_binding,lexical_early_vs_middle,acquisition,early,middle,0.08666666666666666,0.05220472520120504,3
gemma_2_9b_it,lexical_binding,lexical_early_vs_middle,boundedness,early,middle,-0.03555555555555556,0.06406015691288701,3
gemma_2_9b_it,lexical_binding,lexical_early_vs_middle,transfer,early,middle,0.06444444444444444,0.020367003088692628,3
gemma_2_9b_it,procedural_reasoning,procedural_middle_vs_early,acquisition,middle,early,-0.0013333333333333346,0.05689756878227165,3
gemma_2_9b_it,procedural_reasoning,procedural_middle_vs_early,boundedness,middle,early,0.14444444444444443,0.3302748574770436,3
gemma_2_9b_it,procedural_reasoning,procedural_middle_vs_early,transfer,middle,early,0.013333333333333332,0.017638342073763937,3
gemma_2_9b_it,procedural_reasoning,procedural_middle_vs_late,acquisition,middle,late,-0.0026666666666666644,0.08102674455593864,3
gemma_2_9b_it,procedural_reasoning,procedural_middle_vs_late,boundedness,middle,late,0.30444444444444446,0.273441712930508,3
gemma_2_9b_it,procedural_reasoning,procedural_middle_vs_late,transfer,middle,late,-0.15555555555555556,0.07784124394727553,3
llama_3_1_8b_instruct,behavioral_policy,behavioral_acquisition_late_vs_middle,acquisition,late,middle,0.06666666666666661,0.03354598833442436,3
llama_3_1_8b_instruct,behavioral_policy,behavioral_acquisition_late_vs_middle,boundedness,late,middle,-0.23333333333333336,0.024037008503093246,3
llama_3_1_8b_instruct,behavioral_policy,behavioral_acquisition_late_vs_middle,transfer,late,middle,-0.05999999999999998,0.05206833117271101,3
llama_3_1_8b_instruct,behavioral_policy,behavioral_gating_middle_vs_late,acquisition,middle,late,-0.06666666666666661,0.03354598833442436,3
llama_3_1_8b_instruct,behavioral_policy,behavioral_gating_middle_vs_late,boundedness,middle,late,0.23333333333333336,0.024037008503093246,3
llama_3_1_8b_instruct,behavioral_policy,behavioral_gating_middle_vs_late,transfer,middle,late,0.05999999999999998,0.05206833117271101,3
llama_3_1_8b_instruct,causal_mapping,causal_middle_vs_early,acquisition,middle,early,0.0040000000000000036,0.010583005244258372,3
llama_3_1_8b_instruct,causal_mapping,causal_middle_vs_early,boundedness,middle,early,0.11111111111111112,0.09622504486493764,3
llama_3_1_8b_instruct,causal_mapping,causal_middle_vs_early,transfer,middle,early,0.026666666666666655,0.04055175020198817,3
llama_3_1_8b_instruct,causal_mapping,causal_middle_vs_late,acquisition,middle,late,0.023999999999999983,0.031749015732775054,3
llama_3_1_8b_instruct,causal_mapping,causal_middle_vs_late,boundedness,middle,late,0.026666666666666655,0.033333333333333354,3
llama_3_1_8b_instruct,causal_mapping,causal_middle_vs_late,transfer,middle,late,0.040000000000000036,0.0405517502019881,3
llama_3_1_8b_instruct,factual_association,factual_late_vs_early,acquisition,late,early,0.15733333333333335,0.06862458257310815,3
llama_3_1_8b_instruct,factual_association,factual_late_vs_early,boundedness,late,early,0.20888888888888887,0.049140765305546626,3
llama_3_1_8b_instruct,factual_association,factual_late_vs_early,transfer,late,early,0.4866666666666667,0.046666666666666676,3
llama_3_1_8b_instruct,factual_association,factual_late_vs_middle,acquisition,late,middle,0.10533333333333332,0.034019602192461564,3
llama_3_1_8b_instruct,factual_association,factual_late_vs_middle,boundedness,late,middle,0.15555555555555553,0.01677740985615721,3
llama_3_1_8b_instruct,factual_association,factual_late_vs_middle,transfer,late,middle,0.31555555555555553,0.04438885412319598,3
llama_3_1_8b_instruct,lexical_binding,lexical_early_vs_late,acquisition,early,late,0.20799999999999996,0.01743559577416271,3
llama_3_1_8b_instruct,lexical_binding,lexical_early_vs_late,boundedness,early,late,0.12222222222222219,0.05178302310102682,3
llama_3_1_8b_instruct,lexical_binding,lexical_early_vs_late,transfer,early,late,0.09333333333333332,0.21612753436596438,3
llama_3_1_8b_instruct,lexical_binding,lexical_early_vs_middle,acquisition,early,middle,0.10266666666666664,0.008326663997864539,3
llama_3_1_8b_instruct,lexical_binding,lexical_early_vs_middle,boundedness,early,middle,0.03555555555555551,0.10183501544346311,3
llama_3_1_8b_instruct,lexical_binding,lexical_early_vs_middle,transfer,early,middle,0.0977777777777778,0.09529680729951809,3
llama_3_1_8b_instruct,procedural_reasoning,procedural_middle_vs_early,acquisition,middle,early,-0.0040000000000000036,0.0628649345820069,3
llama_3_1_8b_instruct,procedural_reasoning,procedural_middle_vs_early,boundedness,middle,early,0.19555555555555554,0.22952446815422856,3
llama_3_1_8b_instruct,procedural_reasoning,procedural_middle_vs_early,transfer,middle,early,0.19111111111111112,0.07726817178094982,3
llama_3_1_8b_instruct,procedural_reasoning,procedural_middle_vs_late,acquisition,middle,late,0.17466666666666672,0.036295086903509896,3
llama_3_1_8b_instruct,procedural_reasoning,procedural_middle_vs_late,boundedness,middle,late,-0.033333333333333326,0.033333333333333326,3
llama_3_1_8b_instruct,procedural_reasoning,procedural_middle_vs_late,transfer,middle,late,0.13555555555555557,0.02694301256218258,3
mistral_7b_instruct_v0_3,behavioral_policy,behavioral_acquisition_late_vs_middle,acquisition,late,middle,0.009333333333333341,0.047721413781795355,3
mistral_7b_instruct_v0_3,behavioral_policy,behavioral_acquisition_late_vs_middle,boundedness,late,middle,-0.25111111111111106,0.24497921302595205,3
mistral_7b_instruct_v0_3,behavioral_policy,behavioral_acquisition_late_vs_middle,transfer,late,middle,0.0022222222222222365,0.0758165427076977,3
mistral_7b_instruct_v0_3,behavioral_policy,behavioral_gating_middle_vs_late,acquisition,middle,late,-0.009333333333333341,0.047721413781795355,3
mistral_7b_instruct_v0_3,behavioral_policy,behavioral_gating_middle_vs_late,boundedness,middle,late,0.25111111111111106,0.24497921302595205,3
mistral_7b_instruct_v0_3,behavioral_policy,behavioral_gating_middle_vs_late,transfer,middle,late,-0.0022222222222222365,0.0758165427076977,3
mistral_7b_instruct_v0_3,causal_mapping,causal_middle_vs_early,acquisition,middle,early,0.058666666666666645,0.10920317455703074,3
mistral_7b_instruct_v0_3,causal_mapping,causal_middle_vs_early,boundedness,middle,early,-0.04888888888888889,0.0582459663203607,3
mistral_7b_instruct_v0_3,causal_mapping,causal_middle_vs_early,transfer,middle,early,0.16222222222222227,0.10248757828977959,3
mistral_7b_instruct_v0_3,causal_mapping,causal_middle_vs_late,acquisition,middle,late,0.021333333333333353,0.02343786110832928,3
mistral_7b_instruct_v0_3,causal_mapping,causal_middle_vs_late,boundedness,middle,late,-0.06666666666666667,0.0881917103688197,3
mistral_7b_instruct_v0_3,causal_mapping,causal_middle_vs_late,transfer,middle,late,0.07111111111111112,0.0138777733297742,3
mistral_7b_instruct_v0_3,factual_association,factual_late_vs_early,acquisition,late,early,0.14533333333333331,0.05401234426807758,3
mistral_7b_instruct_v0_3,factual_association,factual_late_vs_early,boundedness,late,early,0.13999999999999999,0.10263202878893771,3
mistral_7b_instruct_v0_3,factual_association,factual_late_vs_early,transfer,late,early,0.3977777777777778,0.09365025558091328,3
mistral_7b_instruct_v0_3,factual_association,factual_late_vs_middle,acquisition,late,middle,-0.11600000000000003,0.05011985634456666,3
mistral_7b_instruct_v0_3,factual_association,factual_late_vs_middle,boundedness,late,middle,0.18222222222222223,0.21085364416879132,3
mistral_7b_instruct_v0_3,factual_association,factual_late_vs_middle,transfer,late,middle,0.02888888888888889,0.050917507721731606,3
mistral_7b_instruct_v0_3,lexical_binding,lexical_early_vs_late,acquisition,early,late,0.17866666666666664,0.06004442799572108,3
mistral_7b_instruct_v0_3,lexical_binding,lexical_early_vs_late,boundedness,early,late,0.10666666666666665,0.08326663997864528,3
mistral_7b_instruct_v0_3,lexical_binding,lexical_early_vs_late,transfer,early,late,0.18444444444444444,0.09245619583428762,3
mistral_7b_instruct_v0_3,lexical_binding,lexical_early_vs_middle,acquisition,early,middle,0.05733333333333331,0.04601449047129971,3
mistral_7b_instruct_v0_3,lexical_binding,lexical_early_vs_middle,boundedness,early,middle,0.14666666666666667,0.034641016151377525,3
mistral_7b_instruct_v0_3,lexical_binding,lexical_early_vs_middle,transfer,early,middle,0.07333333333333329,0.3239341496868358,3
mistral_7b_instruct_v0_3,procedural_reasoning,procedural_middle_vs_early,acquisition,middle,early,0.0666666666666667,0.08920388631294791,3
mistral_7b_instruct_v0_3,procedural_reasoning,procedural_middle_vs_early,boundedness,middle,early,0.04666666666666671,0.19078784028338916,3
mistral_7b_instruct_v0_3,procedural_reasoning,procedural_middle_vs_early,transfer,middle,early,0.2422222222222222,0.15453634356189963,3
mistral_7b_instruct_v0_3,procedural_reasoning,procedural_middle_vs_late,acquisition,middle,late,-0.020000000000000018,0.03815756805667786,3
mistral_7b_instruct_v0_3,procedural_reasoning,procedural_middle_vs_late,boundedness,middle,late,-0.06222222222222218,0.05824596632036067,3
mistral_7b_instruct_v0_3,procedural_reasoning,procedural_middle_vs_late,transfer,middle,late,-0.013333333333333345,0.037118429085533436,3
olmo_2_1124_7b_instruct,behavioral_policy,behavioral_acquisition_late_vs_middle,acquisition,late,middle,-0.040000000000000036,0.10205880657738457,3
olmo_2_1124_7b_instruct,behavioral_policy,behavioral_acquisition_late_vs_middle,boundedness,late,middle,-0.16444444444444448,0.05047918529600244,3
olmo_2_1124_7b_instruct,behavioral_policy,behavioral_acquisition_late_vs_middle,transfer,late,middle,0.006666666666666672,0.05925462944877062,3
olmo_2_1124_7b_instruct,behavioral_policy,behavioral_gating_middle_vs_late,acquisition,middle,late,0.040000000000000036,0.10205880657738457,3
olmo_2_1124_7b_instruct,behavioral_policy,behavioral_gating_middle_vs_late,boundedness,middle,late,0.16444444444444448,0.05047918529600244,3
olmo_2_1124_7b_instruct,behavioral_policy,behavioral_gating_middle_vs_late,transfer,middle,late,-0.006666666666666672,0.05925462944877062,3
olmo_2_1124_7b_instruct,causal_mapping,causal_middle_vs_early,acquisition,middle,early,0.018666666666666647,0.04277070648625448,3
olmo_2_1124_7b_instruct,causal_mapping,causal_middle_vs_early,boundedness,middle,early,0.004444444444444436,0.007698003589194996,3
olmo_2_1124_7b_instruct,causal_mapping,causal_middle_vs_early,transfer,middle,early,0.07111111111111108,0.07784124394727558,3
olmo_2_1124_7b_instruct,causal_mapping,causal_middle_vs_late,acquisition,middle,late,0.0773333333333333,0.056047598818623146,3
olmo_2_1124_7b_instruct,causal_mapping,causal_middle_vs_late,boundedness,middle,late,0.0,0.0,3
olmo_2_1124_7b_instruct,causal_mapping,causal_middle_vs_late,transfer,middle,late,0.18222222222222223,0.11649193264072144,3
olmo_2_1124_7b_instruct,factual_association,factual_late_vs_early,acquisition,late,early,0.47600000000000003,0.0417612260356422,3
olmo_2_1124_7b_instruct,factual_association,factual_late_vs_early,boundedness,late,early,-0.05777777777777776,0.12619796324000607,3
olmo_2_1124_7b_instruct,factual_association,factual_late_vs_early,transfer,late,early,0.6333333333333333,0.0721110255092798,3
olmo_2_1124_7b_instruct,factual_association,factual_late_vs_middle,acquisition,late,middle,0.3546666666666667,0.02809507667427399,3
olmo_2_1124_7b_instruct,factual_association,factual_late_vs_middle,boundedness,late,middle,-0.05555555555555556,0.17001089289720148,3
olmo_2_1124_7b_instruct,factual_association,factual_late_vs_middle,transfer,late,middle,0.34,0.058118652580542315,3
olmo_2_1124_7b_instruct,lexical_binding,lexical_early_vs_late,acquisition,early,late,0.05199999999999997,0.12106196760337243,3
olmo_2_1124_7b_instruct,lexical_binding,lexical_early_vs_late,boundedness,early,late,0.41333333333333333,0.030550504633038954,3
olmo_2_1124_7b_instruct,lexical_binding,lexical_early_vs_late,transfer,early,late,-0.10666666666666667,0.06429100507328636,3
olmo_2_1124_7b_instruct,lexical_binding,lexical_early_vs_middle,acquisition,early,middle,0.29200000000000004,0.14422205101855948,3
olmo_2_1124_7b_instruct,lexical_binding,lexical_early_vs_middle,boundedness,early,middle,0.5488888888888889,0.015396007178389992,3
olmo_2_1124_7b_instruct,lexical_binding,lexical_early_vs_middle,transfer,early,middle,-0.15555555555555556,0.040734006177385255,3
olmo_2_1124_7b_instruct,procedural_reasoning,procedural_middle_vs_early,acquisition,middle,early,0.17466666666666675,0.04163331998932263,3
olmo_2_1124_7b_instruct,procedural_reasoning,procedural_middle_vs_early,boundedness,middle,early,-0.25111111111111106,0.09985174194960429,3
olmo_2_1124_7b_instruct,procedural_reasoning,procedural_middle_vs_early,transfer,middle,early,0.3244444444444444,0.08700787533534175,3
olmo_2_1124_7b_instruct,procedural_reasoning,procedural_middle_vs_late,acquisition,middle,late,0.0013333333333333346,0.016165807537309534,3
olmo_2_1124_7b_instruct,procedural_reasoning,procedural_middle_vs_late,boundedness,middle,late,-0.26888888888888884,0.07726817178094984,3
olmo_2_1124_7b_instruct,procedural_reasoning,procedural_middle_vs_late,transfer,middle,late,0.07111111111111112,0.010183501544346376,3
qwen2_5_14b_instruct,behavioral_policy,behavioral_acquisition_late_vs_middle,acquisition,late,middle,0.05333333333333327,0.030022213997860567,3
qwen2_5_14b_instruct,behavioral_policy,behavioral_acquisition_late_vs_middle,boundedness,late,middle,-0.1177777777777778,0.07065828042482065,3
qwen2_5_14b_instruct,behavioral_policy,behavioral_acquisition_late_vs_middle,transfer,late,middle,0.07555555555555553,0.025239592648001213,3
qwen2_5_14b_instruct,behavioral_policy,behavioral_gating_middle_vs_late,acquisition,middle,late,-0.05333333333333327,0.030022213997860567,3
qwen2_5_14b_instruct,behavioral_policy,behavioral_gating_middle_vs_late,boundedness,middle,late,0.1177777777777778,0.07065828042482065,3
qwen2_5_14b_instruct,behavioral_policy,behavioral_gating_middle_vs_late,transfer,middle,late,-0.07555555555555553,0.025239592648001213,3
qwen2_5_14b_instruct,causal_mapping,causal_middle_vs_early,acquisition,middle,early,-0.02533333333333332,0.040066611203511245,3
qwen2_5_14b_instruct,causal_mapping,causal_middle_vs_early,boundedness,middle,early,-0.02888888888888887,0.10961211071234243,3
qwen2_5_14b_instruct,causal_mapping,causal_middle_vs_early,transfer,middle,early,0.11111111111111105,0.07433657192745657,3
qwen2_5_14b_instruct,causal_mapping,causal_middle_vs_late,acquisition,middle,late,-0.014666666666666642,0.020132891827388626,3
qwen2_5_14b_instruct,causal_mapping,causal_middle_vs_late,boundedness,middle,late,-0.08444444444444443,0.07784124394727553,3
qwen2_5_14b_instruct,causal_mapping,causal_middle_vs_late,transfer,middle,late,0.18666666666666662,0.04055175020198814,3
qwen2_5_14b_instruct,factual_association,factual_late_vs_early,acquisition,late,early,0.3613333333333333,0.03401960219246151,3
qwen2_5_14b_instruct,factual_association,factual_late_vs_early,boundedness,late,early,-0.1733333333333333,0.12978614889287854,3
qwen2_5_14b_instruct,factual_association,factual_late_vs_early,transfer,late,early,0.37777777777777777,0.0766908174521662,3
qwen2_5_14b_instruct,factual_association,factual_late_vs_middle,acquisition,late,middle,0.38399999999999995,0.062096698785040094,3
qwen2_5_14b_instruct,factual_association,factual_late_vs_middle,boundedness,late,middle,-0.22,0.1553490693030805,3
qwen2_5_14b_instruct,factual_association,factual_late_vs_middle,transfer,late,middle,0.2688888888888889,0.06336256635281443,3
qwen2_5_14b_instruct,lexical_binding,lexical_early_vs_late,acquisition,early,late,-0.4773333333333334,0.03401960219246151,3
qwen2_5_14b_instruct,lexical_binding,lexical_early_vs_late,boundedness,early,late,-0.1177777777777778,0.11591823427328866,3
qwen2_5_14b_instruct,lexical_binding,lexical_early_vs_late,transfer,early,late,0.04444444444444446,0.12406688757518096,3
qwen2_5_14b_instruct,lexical_binding,lexical_early_vs_middle,acquisition,early,middle,-0.044000000000000004,0.011999999999999983,3
qwen2_5_14b_instruct,lexical_binding,lexical_early_vs_middle,boundedness,early,middle,0.062222222222222234,0.040184758488944726,3
qwen2_5_14b_instruct,lexical_binding,lexical_early_vs_middle,transfer,early,middle,-0.10888888888888888,0.41426418480821486,3
qwen2_5_14b_instruct,procedural_reasoning,procedural_middle_vs_early,acquisition,middle,early,0.17733333333333332,0.04936935621752968,3
qwen2_5_14b_instruct,procedural_reasoning,procedural_middle_vs_early,boundedness,middle,early,0.053333333333333344,0.12346839451634758,3
qwen2_5_14b_instruct,procedural_reasoning,procedural_middle_vs_early,transfer,middle,early,0.21777777777777776,0.23346028292560536,3
qwen2_5_14b_instruct,procedural_reasoning,procedural_middle_vs_late,acquisition,middle,late,0.002666666666666669,0.08554141297250908,3
qwen2_5_14b_instruct,procedural_reasoning,procedural_middle_vs_late,boundedness,middle,late,-0.022222222222222216,0.09197423149588839,3
qwen2_5_14b_instruct,procedural_reasoning,procedural_middle_vs_late,transfer,middle,late,-0.09555555555555556,0.24407042092472078,3
