control,objective,contrast_id,component,preferred_condition,mislocated_condition,interpretation,acquisition_preferred_mean,acquisition_mislocated_mean,acquisition_penalty,acquisition_ci_low,acquisition_ci_high,acquisition_retention_mean,transfer_preferred_mean,transfer_mislocated_mean,transfer_penalty,transfer_ci_low,transfer_ci_high,transfer_retention_mean,boundedness_preferred_mean,boundedness_mislocated_mean,boundedness_penalty,boundedness_ci_low,boundedness_ci_high,boundedness_retention_mean,balanced_mean_preferred_mean,balanced_mean_mislocated_mean,balanced_mean_penalty,balanced_mean_ci_low,balanced_mean_ci_high,balanced_mean_retention_mean,balanced_min_preferred_mean,balanced_min_mislocated_mean,balanced_min_penalty,balanced_min_ci_low,balanced_min_ci_high,balanced_min_retention_mean
localized_expanded_rank,behavioral_policy,behavioral_acquisition_late_vs_middle,policy acquisition,late,middle,middle-layer adaptation is less suited than late-layer adaptation for action-label acquisition,0.9226666666666666,0.892,0.030666666666666658,0.008000000000000007,0.07599999999999996,0.9672064028379675,0.8533333333333334,0.9266666666666666,-0.07333333333333325,-0.08666666666666667,-0.05333333333333323,1.0860051679586562,0.648888888888889,0.8866666666666667,-0.23777777777777775,-0.31333333333333335,-0.16666666666666663,1.3780570055186476,0.8082962962962963,0.9017777777777778,-0.09348148148148143,-0.1306666666666666,-0.07022222222222219,1.1159500367138468,0.648888888888889,0.8764444444444445,-0.22755555555555554,-0.31333333333333335,-0.14533333333333331,1.363409961685824
localized_expanded_rank,behavioral_policy,behavioral_gating_middle_vs_late,policy gating / boundedness,middle,late,late-layer adaptation preserves policy actions but is mislocated for bounded policy application,0.892,0.9226666666666666,-0.030666666666666658,-0.07599999999999996,-0.008000000000000007,1.0352159710624802,0.9266666666666666,0.8533333333333334,0.07333333333333325,0.05333333333333323,0.08666666666666667,0.9210351692103518,0.8866666666666667,0.648888888888889,0.23777777777777775,0.16666666666666663,0.31333333333333335,0.7318369982150318,0.9017777777777778,0.8082962962962963,0.09348148148148143,0.07022222222222219,0.1306666666666666,0.8969180760392731,0.8764444444444445,0.648888888888889,0.22755555555555554,0.14533333333333331,0.31333333333333335,0.7411092684724526
localized_expanded_rank,causal_mapping,causal_middle_vs_early,causal transfer,middle,early,early-layer adaptation is mislocated for robust causal transfer,0.9853333333333333,0.9933333333333333,-0.008000000000000007,-0.01200000000000001,-0.0040000000000000036,1.0081191990966427,0.64,0.6133333333333334,0.02666666666666669,-0.046666666666666634,0.08666666666666667,0.9565826330532213,0.5,0.3444444444444444,0.15555555555555559,0.13333333333333341,0.16666666666666666,0.6888888888888888,0.7084444444444444,0.6503703703703704,0.05807407407407413,0.03600000000000003,0.08177777777777795,0.9179739877549239,0.5,0.3444444444444444,0.15555555555555559,0.13333333333333341,0.16666666666666666,0.6888888888888888
localized_expanded_rank,causal_mapping,causal_middle_vs_late,causal transfer,middle,late,late-layer adaptation is less suited than middle-layer adaptation for causal transfer,0.9853333333333333,0.9373333333333335,0.047999999999999966,0.028000000000000025,0.06799999999999995,0.9512848054201437,0.64,0.611111111111111,0.028888888888888964,-0.09333333333333327,0.13333333333333341,0.9673202614379083,0.5,0.4466666666666667,0.05333333333333332,0.03999999999999998,0.06,0.8933333333333334,0.7084444444444444,0.665037037037037,0.04340740740740745,-0.001777777777777767,0.08044444444444454,0.939845019399268,0.5,0.4466666666666667,0.05333333333333332,0.03999999999999998,0.06,0.8933333333333334
localized_expanded_rank,factual_association,factual_late_vs_early,relational fact learning,late,early,early-layer adaptation is mislocated for factual association,0.5013333333333333,0.35333333333333333,0.14800000000000005,0.124,0.18000000000000008,0.7057463020610796,0.6244444444444445,0.18888888888888888,0.43555555555555553,0.3866666666666667,0.45999999999999996,0.3018675721561969,0.56,0.3688888888888889,0.19111111111111115,0.0733333333333333,0.2866666666666667,0.6682114400790523,0.561925925925926,0.30370370370370375,0.2582222222222223,0.23777777777777778,0.2711111111111112,0.5404309977724854,0.5004444444444444,0.18888888888888888,0.31155555555555553,0.2613333333333334,0.3533333333333333,0.37686198316119573
localized_expanded_rank,factual_association,factual_late_vs_middle,relational fact learning,late,middle,middle-layer adaptation is less suited than late-layer adaptation for factual association,0.5013333333333333,0.37600000000000006,0.12533333333333332,0.09999999999999998,0.14,0.7508774339254106,0.6244444444444445,0.35333333333333333,0.27111111111111114,0.23333333333333328,0.3066666666666667,0.565365025466893,0.56,0.4644444444444444,0.09555555555555562,-0.019999999999999907,0.16000000000000003,0.8166347705354796,0.561925925925926,0.39792592592592596,0.16400000000000003,0.11644444444444446,0.19777777777777775,0.7058229037829798,0.5004444444444444,0.34400000000000003,0.15644444444444444,0.1333333333333333,0.20000000000000004,0.6882984323929207
localized_expanded_rank,lexical_binding,lexical_early_vs_late,lexical binding,early,late,late-layer adaptation is mislocated for lexical acquisition and bounded lexical binding,0.944,0.7613333333333333,0.18266666666666664,0.136,0.20799999999999996,0.8077048492632909,0.5111111111111111,0.5333333333333333,-0.022222222222222237,-0.08000000000000002,0.08666666666666667,1.069130404446822,0.5866666666666667,0.3422222222222222,0.24444444444444446,0.18000000000000005,0.36000000000000004,0.5935897435897436,0.6805925925925926,0.5456296296296296,0.13496296296296298,0.10133333333333339,0.16266666666666663,0.8029423501884033,0.4777777777777777,0.3422222222222222,0.13555555555555557,0.06,0.19333333333333327,0.7257567388422448
localized_expanded_rank,lexical_binding,lexical_early_vs_middle,lexical binding,early,middle,middle-layer adaptation is less suited than early-layer adaptation for lexical binding,0.944,0.8626666666666667,0.08133333333333333,0.052000000000000046,0.10799999999999998,0.9146306456466885,0.5111111111111111,0.5977777777777777,-0.08666666666666667,-0.47333333333333344,0.16000000000000003,1.2609802234264407,0.5866666666666667,0.41111111111111115,0.17555555555555555,0.1333333333333333,0.20000000000000004,0.6987179487179488,0.6805925925925926,0.6238518518518519,0.056740740740740724,-0.06311111111111112,0.13377777777777766,0.9218531861670276,0.4777777777777777,0.3888888888888889,0.08888888888888889,0.0533333333333334,0.1333333333333333,0.8156208572691118
localized_expanded_rank,procedural_reasoning,procedural_middle_vs_early,procedural transfer,middle,early,early-layer adaptation is mislocated for procedural transfer,0.7840000000000001,0.7239999999999999,0.06000000000000002,-0.040000000000000036,0.15600000000000003,0.9256433844708551,0.6088888888888889,0.44444444444444436,0.1644444444444445,0.13333333333333341,0.19333333333333336,0.7302693602693603,0.6933333333333334,0.6911111111111111,0.0022222222222222734,-0.4133333333333333,0.21333333333333337,1.0844312710734727,0.6954074074074074,0.6198518518518519,0.07555555555555556,-0.051999999999999935,0.16533333333333333,0.8956353206301525,0.56,0.44444444444444436,0.11555555555555563,0.046666666666666745,0.16666666666666674,0.7970214970214968
localized_expanded_rank,procedural_reasoning,procedural_middle_vs_late,balanced procedural application,middle,late,late-layer adaptation is more conservative and less suited for balanced procedural application,0.7840000000000001,0.56,0.22400000000000006,0.17200000000000004,0.268,0.7153431620182039,0.6088888888888889,0.5088888888888888,0.10000000000000002,-0.033333333333333326,0.19999999999999996,0.8548821548821549,0.6933333333333334,0.8222222222222223,-0.12888888888888883,-0.29999999999999993,0.01333333333333342,1.2328459186073866,0.6954074074074074,0.6303703703703704,0.06503703703703707,0.05600000000000005,0.07066666666666666,0.906681274317982,0.56,0.5088888888888888,0.05111111111111114,-0.033333333333333326,0.13333333333333341,0.9206941206941207
