control,objective,contrast_id,component,preferred_condition,mislocated_condition,seed,interpretation,acquisition_preferred,acquisition_mislocated,acquisition_penalty,acquisition_retention,transfer_preferred,transfer_mislocated,transfer_penalty,transfer_retention,boundedness_preferred,boundedness_mislocated,boundedness_penalty,boundedness_retention,balanced_mean_preferred,balanced_mean_mislocated,balanced_mean_penalty,balanced_mean_retention,balanced_min_preferred,balanced_min_mislocated,balanced_min_penalty,balanced_min_retention
localized_expanded_rank,lexical_binding,lexical_early_vs_late,lexical binding,early,late,11,late-layer adaptation is mislocated for lexical acquisition and bounded lexical binding,0.968,0.76,0.20799999999999996,0.7851239669421488,0.6333333333333333,0.5466666666666666,0.08666666666666667,0.8631578947368421,0.5333333333333333,0.34,0.1933333333333333,0.6375000000000001,0.7115555555555555,0.5488888888888889,0.16266666666666663,0.7713928794503436,0.5333333333333333,0.34,0.1933333333333333,0.6375000000000001
localized_expanded_rank,lexical_binding,lexical_early_vs_late,lexical binding,early,late,22,late-layer adaptation is mislocated for lexical acquisition and bounded lexical binding,0.98,0.776,0.20399999999999996,0.7918367346938776,0.4133333333333333,0.4933333333333333,-0.08000000000000002,1.1935483870967742,0.5333333333333333,0.3533333333333333,0.18000000000000005,0.6624999999999999,0.6422222222222222,0.5408888888888889,0.10133333333333339,0.8422145328719722,0.4133333333333333,0.3533333333333333,0.06,0.8548387096774194
localized_expanded_rank,lexical_binding,lexical_early_vs_late,lexical binding,early,late,33,late-layer adaptation is mislocated for lexical acquisition and bounded lexical binding,0.884,0.748,0.136,0.8461538461538461,0.4866666666666667,0.56,-0.07333333333333336,1.1506849315068495,0.6933333333333334,0.3333333333333333,0.36000000000000004,0.4807692307692307,0.6880000000000001,0.5471111111111111,0.14088888888888895,0.795219638242894,0.4866666666666667,0.3333333333333333,0.15333333333333338,0.684931506849315
localized_expanded_rank,lexical_binding,lexical_early_vs_middle,lexical binding,early,middle,11,middle-layer adaptation is less suited than early-layer adaptation for lexical binding,0.968,0.86,0.10799999999999998,0.8884297520661157,0.6333333333333333,0.4733333333333333,0.16000000000000003,0.7473684210526316,0.5333333333333333,0.4,0.1333333333333333,0.75,0.7115555555555555,0.5777777777777778,0.13377777777777766,0.8119925046845723,0.5333333333333333,0.4,0.1333333333333333,0.75
localized_expanded_rank,lexical_binding,lexical_early_vs_middle,lexical binding,early,middle,22,middle-layer adaptation is less suited than early-layer adaptation for lexical binding,0.98,0.896,0.08399999999999996,0.9142857142857144,0.4133333333333333,0.8866666666666667,-0.47333333333333344,2.145161290322581,0.5333333333333333,0.3333333333333333,0.2,0.625,0.6422222222222222,0.7053333333333334,-0.06311111111111112,1.0982698961937716,0.4133333333333333,0.3333333333333333,0.07999999999999996,0.8064516129032259
localized_expanded_rank,lexical_binding,lexical_early_vs_middle,lexical binding,early,middle,33,middle-layer adaptation is less suited than early-layer adaptation for lexical binding,0.884,0.832,0.052000000000000046,0.9411764705882353,0.4866666666666667,0.4333333333333333,0.0533333333333334,0.8904109589041095,0.6933333333333334,0.5,0.19333333333333336,0.7211538461538461,0.6880000000000001,0.5884444444444444,0.09955555555555562,0.855297157622739,0.4866666666666667,0.4333333333333333,0.0533333333333334,0.8904109589041095
localized_expanded_rank,factual_association,factual_late_vs_early,relational fact learning,late,early,11,early-layer adaptation is mislocated for factual association,0.508,0.368,0.14,0.7244094488188976,0.6333333333333333,0.2466666666666666,0.3866666666666667,0.3894736842105262,0.6266666666666667,0.34,0.2866666666666667,0.5425531914893617,0.5893333333333334,0.3182222222222222,0.2711111111111112,0.539969834087481,0.508,0.2466666666666666,0.2613333333333334,0.4855643044619421
localized_expanded_rank,factual_association,factual_late_vs_early,relational fact learning,late,early,22,early-layer adaptation is mislocated for factual association,0.516,0.3359999999999999,0.1800000000000001,0.6511627906976742,0.62,0.16,0.45999999999999996,0.25806451612903225,0.5133333333333333,0.44,0.0733333333333333,0.8571428571428572,0.5497777777777778,0.312,0.2377777777777778,0.5675020210185934,0.5133333333333333,0.16,0.3533333333333333,0.31168831168831174
localized_expanded_rank,factual_association,factual_late_vs_early,relational fact learning,late,early,33,early-layer adaptation is mislocated for factual association,0.48,0.356,0.124,0.7416666666666667,0.62,0.16,0.45999999999999996,0.25806451612903225,0.54,0.3266666666666666,0.21333333333333343,0.6049382716049381,0.5466666666666667,0.2808888888888889,0.26577777777777783,0.5138211382113821,0.48,0.16,0.31999999999999995,0.33333333333333337
localized_expanded_rank,factual_association,factual_late_vs_middle,relational fact learning,late,middle,11,middle-layer adaptation is less suited than late-layer adaptation for factual association,0.508,0.372,0.136,0.7322834645669292,0.6333333333333333,0.4,0.23333333333333328,0.6315789473684211,0.6266666666666667,0.6466666666666666,-0.019999999999999907,1.031914893617021,0.5893333333333334,0.4728888888888889,0.11644444444444446,0.8024132730015083,0.508,0.372,0.136,0.7322834645669292
localized_expanded_rank,factual_association,factual_late_vs_middle,relational fact learning,late,middle,22,middle-layer adaptation is less suited than late-layer adaptation for factual association,0.516,0.376,0.14,0.7286821705426356,0.62,0.3133333333333333,0.3066666666666667,0.5053763440860215,0.5133333333333333,0.3666666666666666,0.14666666666666672,0.7142857142857142,0.5497777777777778,0.35200000000000004,0.19777777777777777,0.6402586903799515,0.5133333333333333,0.3133333333333333,0.2,0.6103896103896104
localized_expanded_rank,factual_association,factual_late_vs_middle,relational fact learning,late,middle,33,middle-layer adaptation is less suited than late-layer adaptation for factual association,0.48,0.38,0.09999999999999998,0.7916666666666667,0.62,0.3466666666666667,0.2733333333333333,0.5591397849462366,0.54,0.38,0.16000000000000003,0.7037037037037037,0.5466666666666667,0.3688888888888889,0.17777777777777787,0.6747967479674796,0.48,0.3466666666666667,0.1333333333333333,0.7222222222222223
localized_expanded_rank,behavioral_policy,behavioral_gating_middle_vs_late,policy gating / boundedness,middle,late,11,late-layer adaptation preserves policy actions but is mislocated for bounded policy application,0.872,0.88,-0.008000000000000007,1.0091743119266054,0.9133333333333332,0.8333333333333334,0.07999999999999985,0.9124087591240877,0.8933333333333333,0.7266666666666667,0.16666666666666663,0.8134328358208955,0.8928888888888888,0.8133333333333334,0.07955555555555549,0.9109009457441514,0.872,0.7266666666666667,0.14533333333333331,0.8333333333333334
localized_expanded_rank,behavioral_policy,behavioral_gating_middle_vs_late,policy gating / boundedness,middle,late,22,late-layer adaptation preserves policy actions but is mislocated for bounded policy application,0.864,0.94,-0.07599999999999996,1.087962962962963,0.9133333333333332,0.86,0.05333333333333323,0.9416058394160585,0.8733333333333333,0.64,0.23333333333333328,0.732824427480916,0.8835555555555555,0.8133333333333334,0.07022222222222219,0.9205231388329981,0.864,0.64,0.22399999999999998,0.7407407407407408
localized_expanded_rank,behavioral_policy,behavioral_gating_middle_vs_late,policy gating / boundedness,middle,late,33,late-layer adaptation preserves policy actions but is mislocated for bounded policy application,0.94,0.948,-0.008000000000000007,1.0085106382978724,0.9533333333333334,0.8666666666666667,0.08666666666666667,0.9090909090909091,0.8933333333333333,0.58,0.31333333333333335,0.6492537313432836,0.9288888888888889,0.7982222222222223,0.1306666666666666,0.8593301435406699,0.8933333333333333,0.58,0.31333333333333335,0.6492537313432836
localized_expanded_rank,behavioral_policy,behavioral_acquisition_late_vs_middle,policy acquisition,late,middle,11,middle-layer adaptation is less suited than late-layer adaptation for action-label acquisition,0.88,0.872,0.008000000000000007,0.9909090909090909,0.8333333333333334,0.9133333333333332,-0.07999999999999985,1.0959999999999999,0.7266666666666667,0.8933333333333333,-0.16666666666666663,1.2293577981651376,0.8133333333333334,0.8928888888888888,-0.07955555555555549,1.097814207650273,0.7266666666666667,0.872,-0.14533333333333331,1.2
localized_expanded_rank,behavioral_policy,behavioral_acquisition_late_vs_middle,policy acquisition,late,middle,22,middle-layer adaptation is less suited than late-layer adaptation for action-label acquisition,0.94,0.864,0.07599999999999996,0.9191489361702128,0.86,0.9133333333333332,-0.05333333333333323,1.0620155038759689,0.64,0.8733333333333333,-0.23333333333333328,1.3645833333333333,0.8133333333333334,0.8835555555555555,-0.07022222222222219,1.0863387978142076,0.64,0.864,-0.22399999999999998,1.3499999999999999
localized_expanded_rank,behavioral_policy,behavioral_acquisition_late_vs_middle,policy acquisition,late,middle,33,middle-layer adaptation is less suited than late-layer adaptation for action-label acquisition,0.948,0.94,0.008000000000000007,0.9915611814345991,0.8666666666666667,0.9533333333333334,-0.08666666666666667,1.1,0.58,0.8933333333333333,-0.31333333333333335,1.5402298850574714,0.7982222222222223,0.9288888888888889,-0.1306666666666666,1.1636971046770601,0.58,0.8933333333333333,-0.31333333333333335,1.5402298850574714
localized_expanded_rank,causal_mapping,causal_middle_vs_early,causal transfer,middle,early,11,early-layer adaptation is mislocated for robust causal transfer,0.988,1.0,-0.01200000000000001,1.0121457489878543,0.68,0.7266666666666667,-0.046666666666666634,1.0686274509803921,0.5,0.3333333333333333,0.16666666666666669,0.6666666666666666,0.7226666666666667,0.6866666666666666,0.03600000000000003,0.9501845018450185,0.5,0.3333333333333333,0.16666666666666669,0.6666666666666666
localized_expanded_rank,causal_mapping,causal_middle_vs_early,causal transfer,middle,early,22,early-layer adaptation is mislocated for robust causal transfer,0.98,0.988,-0.008000000000000007,1.0081632653061225,0.68,0.5933333333333334,0.08666666666666667,0.8725490196078431,0.5,0.3333333333333333,0.16666666666666669,0.6666666666666666,0.7200000000000001,0.6382222222222221,0.08177777777777795,0.8864197530864195,0.5,0.3333333333333333,0.16666666666666669,0.6666666666666666
localized_expanded_rank,causal_mapping,causal_middle_vs_early,causal transfer,middle,early,33,early-layer adaptation is mislocated for robust causal transfer,0.988,0.992,-0.0040000000000000036,1.0040485829959513,0.56,0.52,0.040000000000000036,0.9285714285714285,0.5,0.3666666666666666,0.13333333333333341,0.7333333333333332,0.6826666666666666,0.6262222222222222,0.05644444444444441,0.9173177083333334,0.5,0.3666666666666666,0.13333333333333341,0.7333333333333332
localized_expanded_rank,causal_mapping,causal_middle_vs_late,causal transfer,middle,late,11,late-layer adaptation is less suited than middle-layer adaptation for causal transfer,0.988,0.92,0.06799999999999995,0.9311740890688259,0.68,0.6333333333333333,0.046666666666666745,0.9313725490196078,0.5,0.46,0.03999999999999998,0.92,0.7226666666666667,0.6711111111111111,0.05155555555555558,0.9286592865928659,0.5,0.46,0.03999999999999998,0.92
localized_expanded_rank,causal_mapping,causal_middle_vs_late,causal transfer,middle,late,22,late-layer adaptation is less suited than middle-layer adaptation for causal transfer,0.98,0.932,0.04799999999999993,0.9510204081632654,0.68,0.5466666666666666,0.13333333333333341,0.8039215686274509,0.5,0.44,0.06,0.88,0.7200000000000001,0.6395555555555555,0.08044444444444454,0.8882716049382715,0.5,0.44,0.06,0.88
localized_expanded_rank,causal_mapping,causal_middle_vs_late,causal transfer,middle,late,33,late-layer adaptation is less suited than middle-layer adaptation for causal transfer,0.988,0.96,0.028000000000000025,0.97165991902834,0.56,0.6533333333333333,-0.09333333333333327,1.1666666666666665,0.5,0.44,0.06,0.88,0.6826666666666666,0.6844444444444444,-0.001777777777777767,1.0026041666666667,0.5,0.44,0.06,0.88
localized_expanded_rank,procedural_reasoning,procedural_middle_vs_early,procedural transfer,middle,early,11,early-layer adaptation is mislocated for procedural transfer,0.8,0.736,0.06400000000000006,0.9199999999999999,0.6666666666666666,0.4733333333333333,0.19333333333333336,0.71,0.52,0.9333333333333332,-0.4133333333333332,1.7948717948717947,0.6622222222222223,0.7142222222222222,-0.051999999999999935,1.0785234899328857,0.52,0.4733333333333333,0.046666666666666745,0.9102564102564101
localized_expanded_rank,procedural_reasoning,procedural_middle_vs_early,procedural transfer,middle,early,22,early-layer adaptation is mislocated for procedural transfer,0.796,0.64,0.15600000000000003,0.8040201005025125,0.5,0.3666666666666666,0.13333333333333341,0.7333333333333332,0.8333333333333334,0.6266666666666667,0.20666666666666667,0.752,0.7097777777777777,0.5444444444444444,0.16533333333333333,0.7670632435817157,0.5,0.3666666666666666,0.13333333333333341,0.7333333333333332
localized_expanded_rank,procedural_reasoning,procedural_middle_vs_early,procedural transfer,middle,early,33,early-layer adaptation is mislocated for procedural transfer,0.756,0.796,-0.040000000000000036,1.052910052910053,0.66,0.4933333333333333,0.16666666666666674,0.7474747474747474,0.7266666666666667,0.5133333333333333,0.21333333333333337,0.7064220183486238,0.7142222222222222,0.6008888888888889,0.11333333333333329,0.8413192283758557,0.66,0.4933333333333333,0.16666666666666674,0.7474747474747474
localized_expanded_rank,procedural_reasoning,procedural_middle_vs_late,balanced procedural application,middle,late,11,late-layer adaptation is more conservative and less suited for balanced procedural application,0.8,0.532,0.268,0.665,0.6666666666666666,0.4666666666666667,0.19999999999999996,0.7000000000000001,0.52,0.82,-0.29999999999999993,1.5769230769230769,0.6622222222222223,0.6062222222222222,0.05600000000000005,0.9154362416107382,0.52,0.4666666666666667,0.053333333333333344,0.8974358974358975
localized_expanded_rank,procedural_reasoning,procedural_middle_vs_late,balanced procedural application,middle,late,22,late-layer adaptation is more conservative and less suited for balanced procedural application,0.796,0.564,0.2320000000000001,0.708542713567839,0.5,0.5333333333333333,-0.033333333333333326,1.0666666666666667,0.8333333333333334,0.82,0.01333333333333342,0.9839999999999999,0.7097777777777777,0.6391111111111111,0.07066666666666666,0.9004383218534753,0.5,0.5333333333333333,-0.033333333333333326,1.0666666666666667
localized_expanded_rank,procedural_reasoning,procedural_middle_vs_late,balanced procedural application,middle,late,33,late-layer adaptation is more conservative and less suited for balanced procedural application,0.756,0.584,0.17200000000000004,0.7724867724867724,0.66,0.5266666666666666,0.13333333333333341,0.7979797979797979,0.7266666666666667,0.8266666666666667,-0.09999999999999998,1.1376146788990826,0.7142222222222222,0.6457777777777777,0.06844444444444453,0.9041692594897323,0.66,0.5266666666666666,0.13333333333333341,0.7979797979797979
