objective,metric,selectivity_all,selectivity_localized,localized_advantage,best_localized_condition,best_localized_value,full_value
behavioral_policy,acquisition,0.17600000000000016,0.16933333333333334,-0.006666666666666821,late,0.9226666666666666,0.9293333333333335
behavioral_policy,transfer,0.09999999999999998,0.09777777777777774,-0.0022222222222222365,middle,0.9266666666666666,0.9288888888888889
behavioral_policy,boundedness,0.26222222222222213,0.23777777777777775,-0.02444444444444438,middle,0.8866666666666667,0.9111111111111111
causal_mapping,acquisition,0.06266666666666654,0.05599999999999983,-0.00666666666666671,early,0.9933333333333333,1.0
causal_mapping,transfer,0.14666666666666672,0.028888888888888964,-0.11777777777777776,middle,0.64,0.7577777777777778
causal_mapping,boundedness,0.1555555555555556,0.1555555555555556,0.06,middle,0.5,0.44
factual_association,acquisition,0.5293333333333334,0.14800000000000002,-0.3813333333333334,late,0.5013333333333333,0.8826666666666667
factual_association,transfer,0.64,0.4355555555555556,-0.20444444444444443,late,0.6244444444444445,0.8288888888888889
factual_association,boundedness,0.22888888888888897,0.19111111111111118,0.22888888888888897,late,0.56,0.3311111111111111
lexical_binding,acquisition,0.2386666666666667,0.18266666666666664,-0.05600000000000005,early,0.944,1.0
lexical_binding,transfer,0.2533333333333334,0.08666666666666667,-0.16666666666666674,middle,0.5977777777777777,0.7644444444444445
lexical_binding,boundedness,0.24444444444444446,0.24444444444444446,0.15333333333333332,early,0.5866666666666667,0.43333333333333335
procedural_reasoning,acquisition,0.26400000000000023,0.2240000000000002,-0.040000000000000036,middle,0.7840000000000001,0.8240000000000002
procedural_reasoning,transfer,0.2,0.16444444444444456,-0.03555555555555545,middle,0.6088888888888889,0.6444444444444444
procedural_reasoning,boundedness,0.1577777777777778,0.13111111111111118,-0.026666666666666616,late,0.8222222222222223,0.8488888888888889
