objective,metric,condition,balanced_mean,balanced_min
behavioral_policy,balanced,early,0.8044444444444444,0.7533333333333333
behavioral_policy,balanced,full,0.9231111111111111,0.9111111111111111
behavioral_policy,balanced,late,0.8082962962962963,0.648888888888889
behavioral_policy,balanced,middle,0.9017777777777778,0.8866666666666667
causal_mapping,balanced,early,0.6503703703703704,0.3444444444444444
causal_mapping,balanced,full,0.7325925925925926,0.44
causal_mapping,balanced,late,0.6650370370370371,0.4466666666666667
causal_mapping,balanced,middle,0.7084444444444444,0.5
factual_association,balanced,early,0.30370370370370364,0.18888888888888888
factual_association,balanced,full,0.6808888888888888,0.3311111111111111
factual_association,balanced,late,0.5619259259259259,0.5013333333333333
factual_association,balanced,middle,0.39792592592592596,0.35333333333333333
lexical_binding,balanced,early,0.6805925925925926,0.5111111111111111
lexical_binding,balanced,full,0.7325925925925926,0.43333333333333335
lexical_binding,balanced,late,0.5456296296296296,0.3422222222222222
lexical_binding,balanced,middle,0.6238518518518519,0.41111111111111115
procedural_reasoning,balanced,early,0.6198518518518519,0.44444444444444436
procedural_reasoning,balanced,full,0.7724444444444445,0.6444444444444444
procedural_reasoning,balanced,late,0.6303703703703704,0.5088888888888888
procedural_reasoning,balanced,middle,0.6954074074074074,0.6088888888888889
