objective_i,objective_j,geometry_distance
factual_association,lexical_binding,1.2236449093579114
behavioral_policy,factual_association,1.1978679001345849
factual_association,procedural_reasoning,1.1858225045704265
causal_mapping,factual_association,1.0866206761456183
lexical_binding,procedural_reasoning,0.8374888980284977
behavioral_policy,procedural_reasoning,0.8017774082285426
causal_mapping,procedural_reasoning,0.6967170990074685
causal_mapping,lexical_binding,0.4017145968021956
behavioral_policy,lexical_binding,0.3681508010933549
behavioral_policy,causal_mapping,0.2870247548148821
