release_path,role,experiment,size_bytes,sha256,source_stage,scorer_version,regeneration_command
artifacts/figures/appendix/llama/fig_ablation_representation.metadata.json,released_figure,llama,3194,9f3f0359ffac89667dcad91319f215ddfde16f8ea81da498a499f5f9a134c4fb,current-paper rendered figure,current_llama,python scripts/reproduce/compiler/plot_all_paper_figures.py
artifacts/figures/appendix/llama/fig_ablation_representation.pdf,released_figure,llama,75303,3dd4d04953060a64a879e0da48b9903f605f3edd71f0d5f113697125f6c266e8,current-paper rendered figure,current_llama,python scripts/reproduce/compiler/plot_all_paper_figures.py
artifacts/figures/appendix/llama/fig_ablation_representation.png,released_figure,llama,148789,9fe46d812af490edec79d0e1f403184f34982b1d50d1779365f826eb9484e0e8,current-paper rendered figure,current_llama,python scripts/reproduce/compiler/plot_all_paper_figures.py
artifacts/figures/appendix/llama/fig_exp1_margins.metadata.json,released_figure,llama,5899,2a8f508eed8f5814dca633075784aa7767348985f399699454a2d1f05e1f7b6c,current-paper rendered figure,current_llama,python scripts/reproduce/compiler/plot_all_paper_figures.py
artifacts/figures/appendix/llama/fig_exp1_margins.pdf,released_figure,llama,151646,b6c64abc30822a28b04f10dfdc6ec1b546819f2d20ec865a424715661628e7f2,current-paper rendered figure,current_llama,python scripts/reproduce/compiler/plot_all_paper_figures.py
artifacts/figures/appendix/llama/fig_exp1_margins.png,released_figure,llama,75415,26f23de07627bbb69e7b18841428fcdfe490885c0b806e386e58b72e00935b21,current-paper rendered figure,current_llama,python scripts/reproduce/compiler/plot_all_paper_figures.py
artifacts/figures/appendix/llama/fig_exp1_outcome_sensitivity.metadata.json,released_figure,llama,31949,b182ab4a80f863f00e0bcc47bf1b72d4b6d37aec16cedc6e01affdeeb1fcc2ac,current-paper rendered figure,current_llama,python scripts/reproduce/compiler/plot_all_paper_figures.py
artifacts/figures/appendix/llama/fig_exp1_outcome_sensitivity.pdf,released_figure,llama,526906,2cc9e1b2d4a6bc4613dd3e8fe53846c4953ac41211353d2ae83f2054138f6413,current-paper rendered figure,current_llama,python scripts/reproduce/compiler/plot_all_paper_figures.py
artifacts/figures/appendix/llama/fig_exp1_outcome_sensitivity.png,released_figure,llama,192964,3fa5e27c6a212ed4c0ef74c15ef1f4bdd0b7e012da49c04faa2d31e08628fae5,current-paper rendered figure,current_llama,python scripts/reproduce/compiler/plot_all_paper_figures.py
artifacts/figures/appendix/llama/fig_exp2_by_objective.metadata.json,released_figure,llama,5420,7ab11a6acb1acf27e585aaf444d083d39f4d7526b910f8aabfb4f3d18648365c,current-paper rendered figure,current_llama,python scripts/reproduce/compiler/plot_all_paper_figures.py
artifacts/figures/appendix/llama/fig_exp2_by_objective.pdf,released_figure,llama,354729,2e2785a27a54740e804a314c9e26b51e969e38ca0bb4f5103d15712ed985974d,current-paper rendered figure,current_llama,python scripts/reproduce/compiler/plot_all_paper_figures.py
artifacts/figures/appendix/llama/fig_exp2_by_objective.png,released_figure,llama,133683,ece5f44efe9462ac8227547a068aa4a114669d6eff92f9e6f22b7e9bce2b82e7,current-paper rendered figure,current_llama,python scripts/reproduce/compiler/plot_all_paper_figures.py
artifacts/figures/appendix/llama/fig_exp5_ranking_generalization.metadata.json,released_figure,llama,7067,131065bcf9029bf09f0a78b78df9914fb4ea72b5203dd62da0cd5cf630f66a9b,current-paper rendered figure,current_llama,python scripts/reproduce/compiler/plot_all_paper_figures.py
artifacts/figures/appendix/llama/fig_exp5_ranking_generalization.pdf,released_figure,llama,62539,80f3739bf8d970c687ee8eb1b3b336934db3853d58cb7cb1a4693555a3064d95,current-paper rendered figure,current_llama,python scripts/reproduce/compiler/plot_all_paper_figures.py
artifacts/figures/appendix/llama/fig_exp5_ranking_generalization.png,released_figure,llama,58787,72887e9e3050819f62e2c533fc3fc1fc708e3dd207e2f0c68f82ce893e2d34f7,current-paper rendered figure,current_llama,python scripts/reproduce/compiler/plot_all_paper_figures.py
artifacts/figures/appendix/llama/fig_lofo_generalization.metadata.json,released_figure,llama,3320,2484fdd9ae914d2369acd7997a59eaedf664f604b76577bc1ee60a4c74cfcc43,current-paper rendered figure,current_llama,python scripts/reproduce/compiler/plot_all_paper_figures.py
artifacts/figures/appendix/llama/fig_lofo_generalization.pdf,released_figure,llama,122132,6d4a9fdacb3ab3f81097f646a06be79ddb2beacd04ae1340e83edcf7adb428e3,current-paper rendered figure,current_llama,python scripts/reproduce/compiler/plot_all_paper_figures.py
artifacts/figures/appendix/llama/fig_lofo_generalization.png,released_figure,llama,199445,331170c3e89f6f116eda492e0e4c9dbf40978ba662bb709baaed5e61498d42f6,current-paper rendered figure,current_llama,python scripts/reproduce/compiler/plot_all_paper_figures.py
artifacts/figures/appendix/llama/fig_seed_robustness.metadata.json,released_figure,llama,5360,b8abf030c7d79a040c246eeaacf3b8b9c41e4bf11bba9302f2162124766fdafb,current-paper rendered figure,current_llama,python scripts/reproduce/compiler/plot_all_paper_figures.py
artifacts/figures/appendix/llama/fig_seed_robustness.pdf,released_figure,llama,166218,831115303e59aa8453c68a7f6e603effa94e84cc92dd765acf3d23ce3e7f1ffe,current-paper rendered figure,current_llama,python scripts/reproduce/compiler/plot_all_paper_figures.py
artifacts/figures/appendix/llama/fig_seed_robustness.png,released_figure,llama,154033,b127b28c63ade608d62d858d3259b0aadbed68494f6ccc57a7df85b3c3c578df,current-paper rendered figure,current_llama,python scripts/reproduce/compiler/plot_all_paper_figures.py
artifacts/figures/appendix/llama/fig_selection_by_objective.metadata.json,released_figure,llama,5137,e0d9f1a176c32f14ed1ff0cfdc69093324e489b9228ea7ef79dba25de06f529a,current-paper rendered figure,current_llama,python scripts/reproduce/compiler/plot_all_paper_figures.py
artifacts/figures/appendix/llama/fig_selection_by_objective.pdf,released_figure,llama,80822,a6acf65266682a205736541ab17fa2bbd1897c3f67e1c0984acc2bddb93df8fa,current-paper rendered figure,current_llama,python scripts/reproduce/compiler/plot_all_paper_figures.py
artifacts/figures/appendix/llama/fig_selection_by_objective.png,released_figure,llama,278367,45c6d901428b6b680bd40417018c28b6489791b214f3d38926d4eb3439f7089c,current-paper rendered figure,current_llama,python scripts/reproduce/compiler/plot_all_paper_figures.py
artifacts/figures/appendix/llama/fig_utility_specifications.metadata.json,released_figure,llama,4746,4ed16a3cdc8e5db8705d40d97bbd50251d0c654a2ca8806ad27d479338e81dff,current-paper rendered figure,current_llama,python scripts/reproduce/compiler/plot_all_paper_figures.py
artifacts/figures/appendix/llama/fig_utility_specifications.pdf,released_figure,llama,23853,cd8e5e1fc45fc1a53fd5cf7e4b3fa31bb7787742f5e274ccf8801b23b4e1973e,current-paper rendered figure,current_llama,python scripts/reproduce/compiler/plot_all_paper_figures.py
artifacts/figures/appendix/llama/fig_utility_specifications.png,released_figure,llama,178751,1c05dc3eaf308ed992402488ed39978847011a8b3e873174c851ca4f696c435f,current-paper rendered figure,current_llama,python scripts/reproduce/compiler/plot_all_paper_figures.py
artifacts/figures/appendix/localization/cross_model/cross_model_delta_geometry_heatmap.pdf,released_figure,localization,126811,7139bf9bbcb8220a70dfb1ebe5c2f7b376f053980ec6ddda6af0e50b9552f1ad,current-paper rendered figure,objective_specific_release,python scripts/reproduce/make_cross_model_figures.py
artifacts/figures/appendix/localization/cross_model/cross_model_full_stack_performance.pdf,released_figure,localization,132283,1b0a35a4243680a54183f4d154a5cad3a1ecb434988d915356b4a3d95f9600f1,current-paper rendered figure,objective_specific_release,python scripts/reproduce/make_cross_model_figures.py
artifacts/figures/appendix/localization/cross_model/cross_model_primary_mislocation.pdf,released_figure,localization,143561,e0c1179804ba046317f2d53849073f7c4867a7a4844552428d0f99a58af26f71,current-paper rendered figure,objective_specific_release,python scripts/reproduce/make_cross_model_figures.py
artifacts/figures/data/gemma/exp6_gemma_calibration.csv,figure_source,gemma,486,caf0362457a0c46673cc08de28a4a452809344c98d6bd158950a12d492a2eecb,compact paper-figure source,causal_content_v1,python scripts/reproduce/plot_exp6_gemma.py
artifacts/figures/data/gemma/exp6_gemma_calibration.metadata.json,figure_source,gemma,487,86ca515fa6ca691de92246339859abe549ccc635f3f4917a8e6dbd36c73a2460,compact paper-figure source,causal_content_v1,python scripts/reproduce/plot_exp6_gemma.py
artifacts/figures/data/gemma/exp6_gemma_compiler_delta_by_objective.csv,figure_source,gemma,479,ff18710954bdc02700ca50497f707dd11485ec80539c51dbb5d90af301fcbee5,compact paper-figure source,causal_content_v1,python scripts/reproduce/plot_exp6_gemma.py
artifacts/figures/data/gemma/exp6_gemma_compiler_delta_by_objective.metadata.json,figure_source,gemma,457,8211115ba3ae0fecd6afc8a66db3f1da4f9869a81a84781b55b4896055f167d1,compact paper-figure source,causal_content_v1,python scripts/reproduce/plot_exp6_gemma.py
artifacts/figures/data/gemma/exp6_gemma_compiler_delta_by_objective_episodes.csv,figure_source,gemma,14173,46913f8fded1cf1f510fdd886c4147fc3ce545168721c51007ae93838ffcbce8,compact paper-figure source,causal_content_v1,python scripts/reproduce/plot_exp6_gemma.py
artifacts/figures/data/gemma/exp6_gemma_compiler_delta_by_objective_summary.csv,figure_source,gemma,479,ff18710954bdc02700ca50497f707dd11485ec80539c51dbb5d90af301fcbee5,compact paper-figure source,causal_content_v1,python scripts/reproduce/plot_exp6_gemma.py
artifacts/figures/data/gemma/exp6_gemma_oracle_distribution.csv,figure_source,gemma,239,30be85f5e53e53659831dde2c313ded5586c939d7bfe769ee0eb062e8d0141ab,compact paper-figure source,causal_content_v1,python scripts/reproduce/plot_exp6_gemma.py
artifacts/figures/data/gemma/exp6_gemma_oracle_distribution.metadata.json,figure_source,gemma,484,21122825d831b78122b9f437065a70939a42fb238ea7696d1ab3579e68c6cb52,compact paper-figure source,causal_content_v1,python scripts/reproduce/plot_exp6_gemma.py
artifacts/figures/data/gemma/exp6_gemma_policy_regret.csv,figure_source,gemma,479,2b965267a7829d05ac39dcf9f7a9b98ad0fbb4f50572503524ea1c90dacf4c79,compact paper-figure source,causal_content_v1,python scripts/reproduce/plot_exp6_gemma.py
artifacts/figures/data/gemma/exp6_gemma_policy_regret.metadata.json,figure_source,gemma,499,6753acb073a5b133fbbecba8df04270539dfb1bccf2c2a5e00f9636c0c32ea35,compact paper-figure source,causal_content_v1,python scripts/reproduce/plot_exp6_gemma.py
artifacts/figures/data/gemma/exp6_gemma_summary.csv,figure_source,gemma,1677,b348fabc215c4781d8c868c340c748165fcec3c56bd8804472558f0f0e471a34,compact paper-figure source,causal_content_v1,python scripts/reproduce/plot_exp6_gemma.py
artifacts/figures/data/gemma/exp6_gemma_switch_margins.csv,figure_source,gemma,8913,3290843eae0c715d7ad6d110b4620ca5824511d7c8d1132c7b566bb33b7e3c12,compact paper-figure source,causal_content_v1,python scripts/reproduce/plot_exp6_gemma.py
artifacts/figures/data/gemma/exp6_gemma_switch_margins.metadata.json,figure_source,gemma,509,b8f8f97b68e9a094d57d4ef6aac807dca04c1678d658b22ef6453b4c2b241ebc,compact paper-figure source,causal_content_v1,python scripts/reproduce/plot_exp6_gemma.py
artifacts/figures/data/gemma/exp6_gemma_utility_heatmap.csv,figure_source,gemma,614,af06b0e7d9f3c6b91f3be532fbd477987d541b5135408f47361266715365ab6a,compact paper-figure source,causal_content_v1,python scripts/reproduce/plot_exp6_gemma.py
artifacts/figures/data/gemma/exp6_gemma_utility_heatmap.metadata.json,figure_source,gemma,457,8211115ba3ae0fecd6afc8a66db3f1da4f9869a81a84781b55b4896055f167d1,compact paper-figure source,causal_content_v1,python scripts/reproduce/plot_exp6_gemma.py
artifacts/figures/data/llama/exp1_headroom_summary.csv,figure_source,llama,1941,46d175f086fcbbda1f432c5d1417c780de99210309bbc34e45bbe15d15a02327,compact paper-figure source,current_llama,python scripts/reproduce/compiler/plot_all_paper_figures.py
artifacts/figures/data/llama/exp1_margins_summary.csv,figure_source,llama,1414,c67fb7dbedb3dddbfbfb266e7533b2eb1e60c83ed3e6e33267d8c06ec4bbd43d,compact paper-figure source,current_llama,python scripts/reproduce/compiler/plot_all_paper_figures.py
artifacts/figures/data/llama/exp1_outcome_sensitivity_summary.csv,figure_source,llama,11643,65bbef0a8293bc5ee4593fdc9a045d407eeb555bc1e39763e2e397920730714b,compact paper-figure source,current_llama,python scripts/reproduce/compiler/plot_all_paper_figures.py
artifacts/figures/data/llama/exp1_seed_robustness_summary.csv,figure_source,llama,1931,595ba4c93919c265f0057d93547dab32a8eca97c20a5beac04f42b778a4acd16,compact paper-figure source,current_llama,python scripts/reproduce/compiler/plot_all_paper_figures.py
artifacts/figures/data/llama/exp1_winner_margins_summary.csv,figure_source,llama,460,4f3dd802a379189618a6332c604726a2690329eb0ddb9261b8aed5ee38b3d4d0,compact paper-figure source,current_llama,python scripts/reproduce/compiler/plot_all_paper_figures.py
artifacts/figures/data/llama/exp2_by_objective_episode_metrics.csv,figure_source,llama,19685,dedcde218ee7f8dd3ea7c892ecb3e3a7ddf01d629463988e3f247ba5b6ce1324,compact paper-figure source,current_llama,python scripts/reproduce/compiler/plot_all_paper_figures.py
artifacts/figures/data/llama/exp2_by_objective_summary.csv,figure_source,llama,1845,4555da407d5a961e0dddd878c0e777ebf356b584d8132778192d554e10e49e1e,compact paper-figure source,current_llama,python scripts/reproduce/compiler/plot_all_paper_figures.py
artifacts/figures/data/llama/exp2_prediction_panel_a.csv,figure_source,llama,53982,1e6ada65b68bdc869f74a67512779111217faeb02d6ced6019d69876cc4dd73c,compact paper-figure source,current_llama,python scripts/reproduce/compiler/plot_all_paper_figures.py
artifacts/figures/data/llama/exp2_prediction_panel_b.csv,figure_source,llama,1268,db11d38367d76f86acbf0ee8100e97bfd5c4e2e6e1ae5164ebf347372cb6000d,compact paper-figure source,current_llama,python scripts/reproduce/compiler/plot_all_paper_figures.py
artifacts/figures/data/llama/exp2_prediction_panel_c.csv,figure_source,llama,1104,85d9af8a31d0e00c5c311629ce760fa9e4b76758177900dda81ea29a782af8ec,compact paper-figure source,current_llama,python scripts/reproduce/compiler/plot_all_paper_figures.py
artifacts/figures/data/llama/exp2_prediction_summary.csv,figure_source,llama,1109,c59ae5774d72ea62cf62d27cc251392c3a23ed6446907bee8b009fb861468c91,compact paper-figure source,current_llama,python scripts/reproduce/compiler/plot_all_paper_figures.py
artifacts/figures/data/llama/exp3_selection_summary.csv,figure_source,llama,1511,35d5a2d6070bf3a291c4f7a629e3ff676c1ba160086536700768836c41fcea14,compact paper-figure source,current_llama,python scripts/reproduce/compiler/plot_all_paper_figures.py
artifacts/figures/data/llama/exp4_ablation_by_objective.csv,figure_source,llama,965,36b36d0da0114e8c96da874ebb76193c5dd9e4bfc5d898ba4d5095c5d8075d6c,compact paper-figure source,current_llama,python scripts/reproduce/compiler/plot_all_paper_figures.py
artifacts/figures/data/llama/exp4_ablation_by_objective.md,figure_source,llama,622,aea01771327bbf09ee0df102cd0e166e148a8245f15acc8ff26cc49d61fd1bd0,compact paper-figure source,current_llama,python scripts/reproduce/compiler/plot_all_paper_figures.py
artifacts/figures/data/llama/exp4_ablation_by_objective.metadata.json,figure_source,llama,2435,e9fbe597cddbc042e7850f0d7b5dccd142aa6d6d7b1974e13344c5bdeb3187ed,compact paper-figure source,current_llama,python scripts/reproduce/compiler/plot_all_paper_figures.py
artifacts/figures/data/llama/exp4_ablation_summary.csv,figure_source,llama,2426,c2e202b7a255593374a2cfd0db1fda952c3fa7699b6ac118c733fb3ac9131e91,compact paper-figure source,current_llama,python scripts/reproduce/compiler/plot_all_paper_figures.py
artifacts/figures/data/llama/exp5_generalization_panel_a.csv,figure_source,llama,580,9e5a75d20a9cc145102917b12684379c1590c1e02e30e390bd3b7503177d73dd,compact paper-figure source,current_llama,python scripts/reproduce/compiler/plot_all_paper_figures.py
artifacts/figures/data/llama/exp5_generalization_panel_b.csv,figure_source,llama,1017,626181fbbba5d85e8616601abcb8e4e3b735e871fb0daf66ecca6357c8f31a87,compact paper-figure source,current_llama,python scripts/reproduce/compiler/plot_all_paper_figures.py
artifacts/figures/data/llama/exp5_ranking_generalization.csv,figure_source,llama,682,fabd56563161aebc12ce72be5767bf4cd8a9849d82ec32625d71dee5c24f3176,compact paper-figure source,current_llama,python scripts/reproduce/compiler/plot_all_paper_figures.py
artifacts/figures/data/llama/lofo_summary_plot.csv,figure_source,llama,1034,f24961ace71a3b32f73ff3dcd5ce986770c0bf6fc26e8807101e3303d7cc7ddd,compact paper-figure source,current_llama,python scripts/reproduce/compiler/plot_all_paper_figures.py
artifacts/figures/data/llama/per_objective_selection_summary.csv,figure_source,llama,1615,fbc5dfe3f161f1e154dbdaf5a486b08df1f32d8781b2125f042caf25f433309d,compact paper-figure source,current_llama,python scripts/reproduce/compiler/plot_all_paper_figures.py
artifacts/figures/data/llama/representation_ablation_summary.csv,figure_source,llama,904,de75c4e59fe10cd12c845f79938bfa056c1996527eca0e272f241b8e5deece69,compact paper-figure source,current_llama,python scripts/reproduce/compiler/plot_all_paper_figures.py
artifacts/figures/data/llama/seed_robustness_summary.csv,figure_source,llama,851,511947bb9f4fc895eec2a6a716a10f294e4a4a40068524082949dbdfb98a223a,compact paper-figure source,current_llama,python scripts/reproduce/compiler/plot_all_paper_figures.py
artifacts/figures/data/llama/utility_spec_summary.csv,figure_source,llama,1257,3cc4a56177909a991d794affc85ae1c0beedcf792df7df370d328c9d14631084,compact paper-figure source,current_llama,python scripts/reproduce/compiler/plot_all_paper_figures.py
artifacts/figures/data/localization/cross_model/cross_model_calibration_mismatch_diagnostics.csv,figure_source,localization,5946,23e04173317e74d9a7f304862ee41d14b512f8926cff22d04625735be93c11a3,compact paper-figure source,objective_specific_release,python scripts/reproduce/make_cross_model_figures.py
artifacts/figures/data/localization/cross_model/cross_model_delta_geometry_stats.csv,figure_source,localization,7456,a740a6dbe0732de695fcf0f97bde5fa5637034fb5268def13dc43fbd921a3e37,compact paper-figure source,objective_specific_release,python scripts/reproduce/make_cross_model_figures.py
artifacts/figures/data/localization/cross_model/cross_model_figure_manifest.csv,figure_source,localization,2276,a6d74746a2a8df80be803e25c4c38a09f491d2b07e4c0c3d307c8985c7d2b412,compact paper-figure source,objective_specific_release,python scripts/reproduce/make_cross_model_figures.py
artifacts/figures/data/localization/cross_model/cross_model_full_stack_performance.csv,figure_source,localization,2781,7c9d8ec63d31447cf3888b010d01d050c0df1970cdbc9ddfeb24c31a0774929c,compact paper-figure source,objective_specific_release,python scripts/reproduce/make_cross_model_figures.py
artifacts/figures/data/synthesis/compilation_scope_episode_values.csv,figure_source,synthesis,255800,e13c53f34d224c8f2b227c9e2795255734d4e6fb4edbc69238bac27dd59a3edf,compact paper-figure source,not_applicable,python scripts/reproduce/plot_compilation_scope.py
artifacts/figures/data/synthesis/compilation_scope_values.csv,figure_source,synthesis,2192,4178929932f4dbb4b4cc197f3d4e6262b6937ec0f24d68cc54477ea2708b94e2,compact paper-figure source,not_applicable,python scripts/reproduce/plot_compilation_scope.py
artifacts/figures/main/gemma/exp6_gemma_calibration.pdf,released_figure,gemma,19374,ff8bcdcb7e7f2d220d75f2b71eee3972c8c42d7bfb4c55013d206b7398d54594,current-paper rendered figure,causal_content_v1,python scripts/reproduce/plot_exp6_gemma.py
artifacts/figures/main/gemma/exp6_gemma_calibration.png,released_figure,gemma,102633,711355c4b8d27fac147a07ea88ec54f0d906703dbea0e3879c715459ca2e853d,current-paper rendered figure,causal_content_v1,python scripts/reproduce/plot_exp6_gemma.py
artifacts/figures/main/gemma/exp6_gemma_compiler_delta_by_objective.pdf,released_figure,gemma,18436,ae0480aeee23d53b484f6a79dedd7f20d829fdec6175ee4c2b431d5d448e5c7f,current-paper rendered figure,causal_content_v1,python scripts/reproduce/plot_exp6_gemma.py
artifacts/figures/main/gemma/exp6_gemma_compiler_delta_by_objective.png,released_figure,gemma,83022,3a4b60704841f2c880924c7d971ce08ec1ac9db40e3403c95854f5d028797df3,current-paper rendered figure,causal_content_v1,python scripts/reproduce/plot_exp6_gemma.py
artifacts/figures/main/gemma/exp6_gemma_oracle_distribution.pdf,released_figure,gemma,11117,afbff04613ae8dfb5fdad0b0bb4e4c194bfe9fec9417369ceb02b59fcc429e37,current-paper rendered figure,causal_content_v1,python scripts/reproduce/plot_exp6_gemma.py
artifacts/figures/main/gemma/exp6_gemma_oracle_distribution.png,released_figure,gemma,57220,c067087944927f7dcb12ec23f7d11df7bd65825aef7adad19d783f32f782196f,current-paper rendered figure,causal_content_v1,python scripts/reproduce/plot_exp6_gemma.py
artifacts/figures/main/gemma/exp6_gemma_policy_regret.pdf,released_figure,gemma,14543,bbc3512dd9a150e78dd4900074f30905b98f84f39d266aa1ede17ca01541c27b,current-paper rendered figure,causal_content_v1,python scripts/reproduce/plot_exp6_gemma.py
artifacts/figures/main/gemma/exp6_gemma_policy_regret.png,released_figure,gemma,55017,21cfab05adc1d9e2850b0e100423978420f9dab36659de3cb3864b96d55810ec,current-paper rendered figure,causal_content_v1,python scripts/reproduce/plot_exp6_gemma.py
artifacts/figures/main/gemma/exp6_gemma_switch_margins.pdf,released_figure,gemma,14334,edb9f66c449f15efb585a65c4ce029476668cb0f572797feae3af731c0a6924f,current-paper rendered figure,causal_content_v1,python scripts/reproduce/plot_exp6_gemma.py
artifacts/figures/main/gemma/exp6_gemma_switch_margins.png,released_figure,gemma,82812,ef0b4f3714851b5cd7b83dd733e89ab635d854e5c9f0bff808962515e3655da4,current-paper rendered figure,causal_content_v1,python scripts/reproduce/plot_exp6_gemma.py
artifacts/figures/main/gemma/exp6_gemma_utility_heatmap.pdf,released_figure,gemma,14135,5e9df7c9f66d3f1b173a001f7e51eba45fcef679fbe7224f8870d7414c30c82a,current-paper rendered figure,causal_content_v1,python scripts/reproduce/plot_exp6_gemma.py
artifacts/figures/main/gemma/exp6_gemma_utility_heatmap.png,released_figure,gemma,127008,69525e45a05f1ef2f1b17c54928a9679997df0fd5b3c47f23d8f06f5dafa135f,current-paper rendered figure,causal_content_v1,python scripts/reproduce/plot_exp6_gemma.py
artifacts/figures/main/llama/fig_exp1_headroom.metadata.json,released_figure,llama,2123,6a950a30ca0ea387f4948eb0490dda92f4e0b170449fd79a616fd3d66a4f5b8e,current-paper rendered figure,current_llama,python scripts/reproduce/compiler/plot_all_paper_figures.py
artifacts/figures/main/llama/fig_exp1_headroom.pdf,released_figure,llama,458945,23aad6053618a94b22e720ad9ebfd577e4c63d7e3da18cde10cccdca3970d4b3,current-paper rendered figure,current_llama,python scripts/reproduce/compiler/plot_all_paper_figures.py
artifacts/figures/main/llama/fig_exp1_headroom.png,released_figure,llama,175538,1f4b017cb60b3a7e0af55a711bf11abb963f3f77793f8f1463e9238b17ab00bd,current-paper rendered figure,current_llama,python scripts/reproduce/compiler/plot_all_paper_figures.py
artifacts/figures/main/llama/fig_exp2_prediction.metadata.json,released_figure,llama,2597,70ea390abb42c33cd326e295f75e99485d0bea96f0b02f6e22fc290f12189fcb,current-paper rendered figure,current_llama,python scripts/reproduce/compiler/plot_all_paper_figures.py
artifacts/figures/main/llama/fig_exp2_prediction.pdf,released_figure,llama,583217,cfffedd1e4e0f449df21d1438fe9f50f75c60c0dd0752eb83dbc259bb6755409,current-paper rendered figure,current_llama,python scripts/reproduce/compiler/plot_all_paper_figures.py
artifacts/figures/main/llama/fig_exp2_prediction.png,released_figure,llama,252865,619da98806549848a4f19a011148daf0239a0aeda1cebe2bbb050a94e65fb62f,current-paper rendered figure,current_llama,python scripts/reproduce/compiler/plot_all_paper_figures.py
artifacts/figures/main/llama/fig_exp3_selection.metadata.json,released_figure,llama,4993,216a8c608ac4faec7d95ffc20cbd9b75c022db214c4737462609276fb9fe6557,current-paper rendered figure,current_llama,python scripts/reproduce/compiler/plot_all_paper_figures.py
artifacts/figures/main/llama/fig_exp3_selection.pdf,released_figure,llama,530754,eecab99b0292ee893c0e76455357b93a4221b0ce8a9b87a48eb3b1b2e329c22a,current-paper rendered figure,current_llama,python scripts/reproduce/compiler/plot_all_paper_figures.py
artifacts/figures/main/llama/fig_exp3_selection.png,released_figure,llama,285744,b1aad60fd411924792f9b566fd09a3be19951a4078e0eb2844929edc89f041b8,current-paper rendered figure,current_llama,python scripts/reproduce/compiler/plot_all_paper_figures.py
artifacts/figures/main/llama/fig_exp4_ablation.metadata.json,released_figure,llama,7235,44326c0353f987232bfc8dfd2f6589d99debd7f630a3c7b36d52e83358344849,current-paper rendered figure,current_llama,python scripts/reproduce/compiler/plot_all_paper_figures.py
artifacts/figures/main/llama/fig_exp4_ablation.pdf,released_figure,llama,72398,f80fb6c0887bf78a7b47ced423fe44a673ddfb5cfbb0d0c24e68a0393b3b8d38,current-paper rendered figure,current_llama,python scripts/reproduce/compiler/plot_all_paper_figures.py
artifacts/figures/main/llama/fig_exp4_ablation.png,released_figure,llama,86964,1ad472aa51d19616d9512cd94ef61feefc9a901d3ac1796eba8793a17bf5dfd9,current-paper rendered figure,current_llama,python scripts/reproduce/compiler/plot_all_paper_figures.py
artifacts/figures/main/llama/fig_exp5_generalization.metadata.json,released_figure,llama,1239,2fe242d95947e16f765d29e90633dddd860dc77fd83954cb9a71b35e62a75ca7,current-paper rendered figure,current_llama,python scripts/reproduce/compiler/plot_all_paper_figures.py
artifacts/figures/main/llama/fig_exp5_generalization.pdf,released_figure,llama,92342,52800c3242a6a2c40f9f6ee73d994543e75933a081a2111579c18bc25beb4470,current-paper rendered figure,current_llama,python scripts/reproduce/compiler/plot_all_paper_figures.py
artifacts/figures/main/llama/fig_exp5_generalization.png,released_figure,llama,117144,cdee4c14fe8c7e0d2c6387c102fe27a234f3bc4ab71cb609cfd84c508d59bb06,current-paper rendered figure,current_llama,python scripts/reproduce/compiler/plot_all_paper_figures.py
artifacts/figures/main/localization/main_cross_objective_localization.pdf,released_figure,localization,398549,1fc4207daf7176cea6e06dc523e741493fc244353776712803b192003c703d54,current-paper rendered figure,objective_specific_release,python scripts/reproduce/make_cross_objective_localization_figure.py
artifacts/figures/main/synthesis/compilation_scope.metadata.json,released_figure,synthesis,1474,cfa6f31c619247a7edfd99d40377a2b7a70584eee1f23a529423ffe24955b694,current-paper rendered figure,not_applicable,python scripts/reproduce/plot_compilation_scope.py
artifacts/figures/main/synthesis/compilation_scope.pdf,released_figure,synthesis,92800,cc37d110c22965d3e6bd068da894033df346b45bd27d085564c76864a930c8e3,current-paper rendered figure,not_applicable,python scripts/reproduce/plot_compilation_scope.py
artifacts/figures/main/synthesis/compilation_scope.png,released_figure,synthesis,194767,0f10f4acee9045fca3bef9e5a9e55b549a7f810cc47779ac6739e1f1c2ce7efe,current-paper rendered figure,not_applicable,python scripts/reproduce/plot_compilation_scope.py
artifacts/figures/README-llama.md,analysis_report,figures,13261,3f73b3fc43692d957517bc406d32acba7f1f673542fa2a60997fc1fc617f2a85,current-paper rendered figure,not_applicable,python scripts/reproduce/make_cross_objective_localization_table.py
artifacts/gemma/calibration/calibration_by_objective.csv,calibration_evidence,gemma,1644,c926a79fddd1cb7d261e8a3588d6626dd5aa93efe266f5906077e70d7a7e8fbc,independent Gemma schedule calibration,current_gemma_calibration,python scripts/experiments/compiler/summarize_gemma_compiler_replication.py
artifacts/gemma/calibration/calibration_runs.csv,calibration_evidence,gemma,51608,b866c059a190e2f4af0168681985e3ad115d319f654496f345c3850476a3c06d,independent Gemma schedule calibration,current_gemma_calibration,python scripts/experiments/compiler/summarize_gemma_compiler_replication.py
artifacts/gemma/calibration/calibration_summary.csv,calibration_evidence,gemma,489,60376520075b872f55e6e7fecde655ea10c01cc2d11fe5ce25760a0b139c7a97,independent Gemma schedule calibration,current_gemma_calibration,python scripts/experiments/compiler/summarize_gemma_compiler_replication.py
artifacts/gemma/calibration/selected_schedule.json,calibration_evidence,gemma,2640,93a287f20cf926f959fbb8d51d3aa7101149bae55cf2d38f8026749aafd19f40,independent Gemma schedule calibration,current_gemma_calibration,python scripts/experiments/compiler/summarize_gemma_compiler_replication.py
artifacts/gemma/geometry/causal_rescore_manifest.csv,numerical_evidence,gemma,1101921,d50be737f9ca8ed030c9f30da343d434dd69477ed2fe0003834d97e686cfdbb0,corrected compact Gemma evidence,causal_content_v1,python scripts/experiments/compiler/summarize_gemma_compiler_replication.py
artifacts/gemma/geometry/geometry_dataset.csv,numerical_evidence,gemma,447964,edd7874dc52aeddf76ead27ebc05509a68bdd9f3ccdafe08f917c59951ace3e0,corrected compact Gemma evidence,causal_content_v1,python scripts/experiments/compiler/summarize_gemma_compiler_replication.py
artifacts/gemma/geometry/geometry_dataset.diagnostics.json,metadata_or_records,gemma,1085,2ccb24b64aace461716db7b88cdd5b88465b9e7e992d1bb6a873e37af05be89e,corrected compact Gemma evidence,causal_content_v1,python scripts/experiments/compiler/summarize_gemma_compiler_replication.py
artifacts/gemma/geometry/geometry_records_by_seed.csv,numerical_evidence,gemma,1913335,1f897d919c0c54169c90d5a997b0b3a8ecf57f8039e4600cf9829469fda533b7,corrected compact Gemma evidence,causal_content_v1,python scripts/experiments/compiler/summarize_gemma_compiler_replication.py
artifacts/gemma/geometry/geometry_train_only.csv,numerical_evidence,gemma,289048,4dc1afa155e2ee6c310a65fc36dad198f55167427d01b31fdd6ef9ce2fd381c2,corrected compact Gemma evidence,causal_content_v1,python scripts/experiments/compiler/summarize_gemma_compiler_replication.py
artifacts/gemma/geometry/headroom/headroom_baseline_detail.csv,numerical_evidence,gemma,88978,2fed61d916f80ce96f558f9de38867488a7da944253081b31d6272ccf4d09560,corrected compact Gemma evidence,causal_content_v1,python scripts/experiments/compiler/summarize_gemma_compiler_replication.py
artifacts/gemma/geometry/headroom/headroom_baseline_summary.csv,numerical_evidence,gemma,1876,6a3f8faba6f8b7e8df9c73a9a3f02b6d1b970c7ac93f5ff305e1833ffc817218,corrected compact Gemma evidence,causal_content_v1,python scripts/experiments/compiler/summarize_gemma_compiler_replication.py
artifacts/gemma/geometry/headroom/headroom_episode_utilities.csv,numerical_evidence,gemma,77557,296bfdb0fb11ddcbece16d28851946111d3503e6b03e91f395c251440e58857a,corrected compact Gemma evidence,causal_content_v1,python scripts/experiments/compiler/summarize_gemma_compiler_replication.py
artifacts/gemma/geometry/headroom/headroom_summary.json,metadata_or_records,gemma,3686,9e95d93945262f63625306f46ed997257071bde0bd509c2d69a7f515db3524ba,corrected compact Gemma evidence,causal_content_v1,python scripts/experiments/compiler/summarize_gemma_compiler_replication.py
artifacts/gemma/geometry/headroom/headroom_tie_sets.csv,numerical_evidence,gemma,2647,9ea64612cd739c519e4ff06301ae10b9fb574327fc4abe4e3d6615487bb84172,corrected compact Gemma evidence,causal_content_v1,python scripts/experiments/compiler/summarize_gemma_compiler_replication.py
artifacts/gemma/geometry/headroom/headroom_top2_margins.csv,numerical_evidence,gemma,17589,4d13191ff6c3016faee57ad4baa64372a7073250f2fb741e3efc31c50d48c1f3,corrected compact Gemma evidence,causal_content_v1,python scripts/experiments/compiler/summarize_gemma_compiler_replication.py
artifacts/gemma/geometry/headroom/headroom_winning_config_counts.csv,numerical_evidence,gemma,2218,e5e4aac302decad7f3b3939dc5a4752987c8c7dfaf2dde755a593544625f1a35,corrected compact Gemma evidence,causal_content_v1,python scripts/experiments/compiler/summarize_gemma_compiler_replication.py
artifacts/gemma/prediction/feature_standardizer.json,metadata_or_records,gemma,15718,13abfa3005460720a74305f459cfa083af81529588716559948ddf905103848e,corrected compact Gemma evidence,causal_content_v1,python scripts/experiments/compiler/summarize_gemma_compiler_replication.py
artifacts/gemma/prediction/model_metadata.json,metadata_or_records,gemma,9074,2ecac40088fb1bfb47d725c7df23cdb009b1b74b8320463fcff496b4fb3d94b7,corrected compact Gemma evidence,causal_content_v1,python scripts/experiments/compiler/summarize_gemma_compiler_replication.py
artifacts/gemma/prediction/prediction_metrics.json,metadata_or_records,gemma,1871,82f1bdf00c5727e10127abc9b179e4608590e9c8a12144ed88656c26e47884c0,corrected compact Gemma evidence,causal_content_v1,python scripts/experiments/compiler/summarize_gemma_compiler_replication.py
artifacts/gemma/prediction/prediction_metrics_by_outcome.csv,numerical_evidence,gemma,870,23bead40302492249828fff9084eefc3211418fe9931d969d07eaa7294cc1fa2,corrected compact Gemma evidence,causal_content_v1,python scripts/experiments/compiler/summarize_gemma_compiler_replication.py
artifacts/gemma/prediction/predictions_test.csv,numerical_evidence,gemma,225919,cebdc49651e5607eacc0d29b063bb1c2246a22a0bc6f53cd7457e031b65a134d,corrected compact Gemma evidence,causal_content_v1,python scripts/experiments/compiler/summarize_gemma_compiler_replication.py
artifacts/gemma/prediction/predictions_test_for_evaluation.csv,numerical_evidence,gemma,237627,60f0e2ba247f58faf4fc13899eb03f95547aaea7d805fa36bcb5acd6caec6811,corrected compact Gemma evidence,causal_content_v1,python scripts/experiments/compiler/summarize_gemma_compiler_replication.py
artifacts/gemma/prediction/ranking_metrics.json,metadata_or_records,gemma,1132,5d34d8919877cd751066855614a44a7554518fda44847f469e30fecc4b7fc515,corrected compact Gemma evidence,causal_content_v1,python scripts/experiments/compiler/summarize_gemma_compiler_replication.py
artifacts/gemma/prediction/ranking_metrics_by_episode.csv,numerical_evidence,gemma,92386,c1453e3df7e848ec2fa1f8c41cebb20ec2f857180557a756885623459b0ed953,corrected compact Gemma evidence,causal_content_v1,python scripts/experiments/compiler/summarize_gemma_compiler_replication.py
artifacts/gemma/prediction/ridge_coefficients.json,metadata_or_records,gemma,31005,4f83ee6a9c0054dd5ab186d8af333d8ddcee03d2fb2c760fc8826a1003271c0a,corrected compact Gemma evidence,causal_content_v1,python scripts/experiments/compiler/summarize_gemma_compiler_replication.py
artifacts/gemma/selection/compiler_evaluation.csv,numerical_evidence,gemma,45787,6b95e01d4cfe4081a747ea3748ed41473cb82bc4b55ad58d2bf4b203e22c6c2e,corrected compact Gemma evidence,causal_content_v1,python scripts/experiments/compiler/summarize_gemma_compiler_replication.py
artifacts/gemma/selection/compiler_evaluation_summary.json,metadata_or_records,gemma,516,4f7980725d9a325d81185670d26e57b9eda736f587c58663ebbe0a166b475d8b,corrected compact Gemma evidence,causal_content_v1,python scripts/experiments/compiler/summarize_gemma_compiler_replication.py
artifacts/llama/ablations/episode/feature_standardizer.json,metadata_or_records,llama,13086,3cce43c1e02f8fdb5c41b8a7dc2d559e66635bde8954890e333384ac3a34e9fb,authoritative compact Llama evidence,current_llama,python src/prepare_geometry_dataset.py
artifacts/llama/ablations/episode/model_metadata.json,metadata_or_records,llama,10856,4fb46a79a4492a5ff2ace217472fa525855f3720258a23e2a293b98e247f8dd8,authoritative compact Llama evidence,current_llama,python src/prepare_geometry_dataset.py
artifacts/llama/ablations/episode/prediction_metrics.json,metadata_or_records,llama,1875,89f62ee4cd6e391d8f1d76ec5d03cc0b97ed49dbf7c9d27330dce5c1248a2934,authoritative compact Llama evidence,current_llama,python src/prepare_geometry_dataset.py
artifacts/llama/ablations/episode/prediction_metrics_by_outcome.csv,numerical_evidence,llama,875,a8fbb1e8157a63b26f1bb1d532b9a7d5984c9b7bfc6b0798ace1a2889af78fb4,authoritative compact Llama evidence,current_llama,python src/prepare_geometry_dataset.py
artifacts/llama/ablations/episode/predictions_test.csv,numerical_evidence,llama,219753,7f6d2cdcec5f480c675582a34576380fae1154d3df89e3e247250dc4b94e95a5,authoritative compact Llama evidence,current_llama,python src/prepare_geometry_dataset.py
artifacts/llama/ablations/episode/ranking_metrics.json,metadata_or_records,llama,1138,eedac6a0103fcd7adb3ddf803e1df1217efd813d1f41abbfd115a44d61331322,authoritative compact Llama evidence,current_llama,python src/prepare_geometry_dataset.py
artifacts/llama/ablations/episode/ranking_metrics_by_episode.csv,numerical_evidence,llama,90993,a0baa495fdcfb759d3a53135c8858418b522be0f4c9d1a0ea6870103d3e2e90a,authoritative compact Llama evidence,current_llama,python src/prepare_geometry_dataset.py
artifacts/llama/ablations/frozen_behavior/feature_standardizer.json,metadata_or_records,llama,1595,100a0b7ccf3695cf1ace1a79a49ad489b53eb366ca4cdd0e60b4870f1365aae9,authoritative compact Llama evidence,current_llama,python src/prepare_geometry_dataset.py
artifacts/llama/ablations/frozen_behavior/model_metadata.json,metadata_or_records,llama,5862,9190e0396aac22ab7376e266547e25ab759339f8e9d46fc9cd6958823dac8be0,authoritative compact Llama evidence,current_llama,python src/prepare_geometry_dataset.py
artifacts/llama/ablations/frozen_behavior/prediction_metrics.json,metadata_or_records,llama,1875,34f53c48d0ed875650da6cce46cae881de8bb3dd3abae14a166a4d44ce6cc6b5,authoritative compact Llama evidence,current_llama,python src/prepare_geometry_dataset.py
artifacts/llama/ablations/frozen_behavior/prediction_metrics_by_outcome.csv,numerical_evidence,llama,874,1bedde0fba215b3e121df0fad7efef7fa6409a1e36c3ac243dfe9e5b8bb52f19,authoritative compact Llama evidence,current_llama,python src/prepare_geometry_dataset.py
artifacts/llama/ablations/frozen_behavior/predictions_test.csv,numerical_evidence,llama,217171,462caa697c10f3327874443bb944420599e0c5887caf70500f329506a79ed3a6,authoritative compact Llama evidence,current_llama,python src/prepare_geometry_dataset.py
artifacts/llama/ablations/frozen_behavior/ranking_metrics.json,metadata_or_records,llama,1139,84a4729df546a5caac72ab9607181829b831c78cdc29cf8cc41e27e701748a77,authoritative compact Llama evidence,current_llama,python src/prepare_geometry_dataset.py
artifacts/llama/ablations/frozen_behavior/ranking_metrics_by_episode.csv,numerical_evidence,llama,91323,d62c01b06a337b19dfdd8ed74e5f529a03fd6f306b933bc691d2250db360c60b,authoritative compact Llama evidence,current_llama,python src/prepare_geometry_dataset.py
artifacts/llama/ablations/module_probes/feature_standardizer.json,metadata_or_records,llama,3373,62720ebe06c4495012f22f51abbf0f01269658ea5cbd7a0019a16f54ec3fed71,authoritative compact Llama evidence,current_llama,python src/prepare_geometry_dataset.py
artifacts/llama/ablations/module_probes/model_metadata.json,metadata_or_records,llama,6526,7dce9e597ece7b260d208c8be2360e36734cfaf3e040a887115f46eda7835aa2,authoritative compact Llama evidence,current_llama,python src/prepare_geometry_dataset.py
artifacts/llama/ablations/module_probes/prediction_metrics.json,metadata_or_records,llama,1870,891ad2f0c046a8ab24699bad6669177971cdeb189cdda9d279b803e3eccc6042,authoritative compact Llama evidence,current_llama,python src/prepare_geometry_dataset.py
artifacts/llama/ablations/module_probes/prediction_metrics_by_outcome.csv,numerical_evidence,llama,870,48558c4a2cd6d25f6b8ce6f75b516c2ba95c8d081c9f7600ef9a1d982db3b5ed,authoritative compact Llama evidence,current_llama,python src/prepare_geometry_dataset.py
artifacts/llama/ablations/module_probes/predictions_test.csv,numerical_evidence,llama,217969,ad4d79128c6f840b5807edf6d33643ed7b608a2fa0e9b38540d6f413136cc068,authoritative compact Llama evidence,current_llama,python src/prepare_geometry_dataset.py
artifacts/llama/ablations/module_probes/ranking_metrics.json,metadata_or_records,llama,1125,742c9d71588e5884c08db023a643085674e4a5651cc11e210f2bb006a53d44e3,authoritative compact Llama evidence,current_llama,python src/prepare_geometry_dataset.py
artifacts/llama/ablations/module_probes/ranking_metrics_by_episode.csv,numerical_evidence,llama,91011,ad6fa7bac7e80c959c2f02f09a43072d4145d72146f33752c667b0f4ac5e3828,authoritative compact Llama evidence,current_llama,python src/prepare_geometry_dataset.py
artifacts/llama/calibration/gradacc_1_geometry.csv,calibration_episode_table,llama,14169,9ab384065aba040178326a4b8024327683daf66924974344fbd1ab2eb50f525c,authoritative Llama schedule-calibration episodes,current_llama,python scripts/reproduce/compiler/make_llama_calibration_table.py
artifacts/llama/calibration/gradacc_2_geometry.csv,calibration_episode_table,llama,14257,898023e7f0870ff02ae091eca67cb1a7c1b803679697e054c0cf77206d81d69f,authoritative Llama schedule-calibration episodes,current_llama,python scripts/reproduce/compiler/make_llama_calibration_table.py
artifacts/llama/calibration/gradacc_4_geometry.csv,calibration_episode_table,llama,14271,86cc9bf1e179c12b39be96860ec96413ffebbc0d88c1b39f46f9bc0956ffdb28,authoritative Llama schedule-calibration episodes,current_llama,python scripts/reproduce/compiler/make_llama_calibration_table.py
artifacts/llama/calibration/gradacc_8_geometry.csv,calibration_episode_table,llama,14259,adfaf9ea9374ff56c0d33187e18c5698203bd1fefaac96631aa40cc4ce8f687e,authoritative Llama schedule-calibration episodes,current_llama,python scripts/reproduce/compiler/make_llama_calibration_table.py
artifacts/llama/geometry/geometry_dataset.csv,numerical_evidence,llama,483614,fa8d1662fe3d869ab518d94ce614925a586e8e3f67c2f8c6a86e9f090c6294ba,authoritative compact Llama evidence,current_llama,python src/prepare_geometry_dataset.py
artifacts/llama/geometry/geometry_dataset.diagnostics.json,metadata_or_records,llama,1085,2ccb24b64aace461716db7b88cdd5b88465b9e7e992d1bb6a873e37af05be89e,authoritative compact Llama evidence,current_llama,python src/prepare_geometry_dataset.py
artifacts/llama/geometry/geometry_records_by_seed.csv,numerical_evidence,llama,1675595,6cb1f624979c464328f7983ccc73a71e9c428bd02a15c436c802aa1abb786c74,authoritative compact Llama evidence,current_llama,python src/prepare_geometry_dataset.py
artifacts/llama/geometry/headroom/headroom_baseline_detail.csv,numerical_evidence,llama,22289,f05f993cbf57b1842d2e7a3ee7ffd133f5f8758b7bacc4a2821b6d9b3a24ed50,authoritative compact Llama evidence,current_llama,python src/prepare_geometry_dataset.py
artifacts/llama/geometry/headroom/headroom_baseline_summary.csv,numerical_evidence,llama,1827,8c41e61ad13c599f2e2ed1f403c6acf3276de64c47264598d42b9ef5118357ed,authoritative compact Llama evidence,current_llama,python src/prepare_geometry_dataset.py
artifacts/llama/geometry/headroom/headroom_episode_utilities.csv,numerical_evidence,llama,19559,1af82118c2a563431c2a66028697903a57c5f4184e9e7ef1e496a8e0a4edfc85,authoritative compact Llama evidence,current_llama,python src/prepare_geometry_dataset.py
artifacts/llama/geometry/headroom/headroom_summary.json,metadata_or_records,llama,3612,ed2660068c3266cc2f46b9c0716f43708a62405ccc3d2d67a15ed914c801b2ca,authoritative compact Llama evidence,current_llama,python src/prepare_geometry_dataset.py
artifacts/llama/geometry/headroom/headroom_tie_sets.csv,numerical_evidence,llama,1226,5ad4d5f42d4f9457b9fa9530fb5e394a9ca83836ebbe698008748aae9bc6a3e1,authoritative compact Llama evidence,current_llama,python src/prepare_geometry_dataset.py
artifacts/llama/geometry/headroom/headroom_top2_margins.csv,numerical_evidence,llama,5796,e8911e2f6dc196500b4ea4ccb182740766d83b7cfc312c118a308ef88ac29600,authoritative compact Llama evidence,current_llama,python src/prepare_geometry_dataset.py
artifacts/llama/geometry/headroom/headroom_winning_config_counts.csv,numerical_evidence,llama,1522,09d80329f50774d4acc9e3ae64eefad774bf9fd304c6c1642d413ffa99480e6a,authoritative compact Llama evidence,current_llama,python src/prepare_geometry_dataset.py
artifacts/llama/geometry/robustness/geometry_records_3seed.csv,numerical_evidence,llama,133166,80808d9df1322b5c281fdd06fedae5dd0f775cde603599a75f5a83a7187d77fd,authoritative compact Llama evidence,current_llama,python src/prepare_geometry_dataset.py
artifacts/llama/geometry/robustness/mean_geometry_across_seeds.csv,numerical_evidence,llama,12041,30e055859ee495c93671efd1c4100155ab25079ad31e25e95c6a712eecb9d960,authoritative compact Llama evidence,current_llama,python src/prepare_geometry_dataset.py
artifacts/llama/geometry/robustness/per_config_seed_variation.csv,numerical_evidence,llama,13549,fe945652ebe0e210335f5745372f64f0dfb7e722c26f09f44ec67bdb7b371e4d,authoritative compact Llama evidence,current_llama,python src/prepare_geometry_dataset.py
artifacts/llama/geometry/robustness/robust_headroom_by_episode.csv,numerical_evidence,llama,4086,ced261d0e17a335c15d9a1a199f548a6eac82f392743ba5c597434ea5b362fce,authoritative compact Llama evidence,current_llama,python src/prepare_geometry_dataset.py
artifacts/llama/geometry/robustness/winner_stability.csv,numerical_evidence,llama,2777,bd14304a6d5098333f41e3d499fe9935af25965891766fa90c265377be899614,authoritative compact Llama evidence,current_llama,python src/prepare_geometry_dataset.py
artifacts/llama/lofo/behavioral_policy/compiler_selection.csv,numerical_evidence,llama,5569,9533c3184fcf1559386d9e54eb97decc783ee059bb53d802f0a7e5721f8f5b4f,authoritative compact Llama evidence,current_llama,python src/prepare_geometry_dataset.py
artifacts/llama/lofo/behavioral_policy/compiler_selection_summary.json,metadata_or_records,llama,985,239a507db9a402e61a52036c85fd1a19a3f562bb3807ebbd0b0fd7ba1ec3e49f,authoritative compact Llama evidence,current_llama,python src/prepare_geometry_dataset.py
artifacts/llama/lofo/behavioral_policy/feature_standardizer.json,metadata_or_records,llama,13353,df322aeaa8fc5cd09c30ab30d34337da940162f28b0593956b1b561354533dfd,authoritative compact Llama evidence,current_llama,python src/prepare_geometry_dataset.py
artifacts/llama/lofo/behavioral_policy/model_metadata.json,metadata_or_records,llama,12116,3f732533dea4878980d1c307cd43f1bfba68739ce037f1fe16fbceeb7fb51dde,authoritative compact Llama evidence,current_llama,python src/prepare_geometry_dataset.py
artifacts/llama/lofo/behavioral_policy/prediction_metrics.json,metadata_or_records,llama,1235,1a62b22289ad336d903a00bb91d46659a19e68b50ee3f323077cf62c7dc104f8,authoritative compact Llama evidence,current_llama,python src/prepare_geometry_dataset.py
artifacts/llama/lofo/behavioral_policy/prediction_metrics_by_outcome.csv,numerical_evidence,llama,548,e702fd2efb16f183786214ec3635882a41bfc4dc321b4abf122840eba4789cd8,authoritative compact Llama evidence,current_llama,python src/prepare_geometry_dataset.py
artifacts/llama/lofo/behavioral_policy/predictions_test.csv,numerical_evidence,llama,37603,8cdc0f61da2975efe7fa6860696a1182420d52b7d0770c62c727796d702afe38,authoritative compact Llama evidence,current_llama,python src/prepare_geometry_dataset.py
artifacts/llama/lofo/behavioral_policy/ranking_metrics.json,metadata_or_records,llama,730,f8c2cb6bf19be39a2b750274573a7c75e582441423c2c3df7c10b2dc7154b48c,authoritative compact Llama evidence,current_llama,python src/prepare_geometry_dataset.py
artifacts/llama/lofo/behavioral_policy/ranking_metrics_by_episode.csv,numerical_evidence,llama,12504,0c3f6929f5180187b901dc6371ed46d9a86f5dddd20982bf41b0a75c7ef77f9f,authoritative compact Llama evidence,current_llama,python src/prepare_geometry_dataset.py
artifacts/llama/lofo/causal_mapping/compiler_selection.csv,numerical_evidence,llama,5215,83b58c2531c5d6235fb8a7f3d8db373418eed87beeaab558c06709658f2f02f0,authoritative compact Llama evidence,current_llama,python src/prepare_geometry_dataset.py
artifacts/llama/lofo/causal_mapping/compiler_selection_summary.json,metadata_or_records,llama,951,3dee869b892278e068ac8bd12af93927dae57fde529150c396b2353a5dc50e7b,authoritative compact Llama evidence,current_llama,python src/prepare_geometry_dataset.py
artifacts/llama/lofo/causal_mapping/feature_standardizer.json,metadata_or_records,llama,13358,f0e9d3e4b714a0fa3994b47acf5404e3939dbc60638d6938637ea2b45826d8ab,authoritative compact Llama evidence,current_llama,python src/prepare_geometry_dataset.py
artifacts/llama/lofo/causal_mapping/model_metadata.json,metadata_or_records,llama,12110,31bf4180c0d51e28bb1f747ddbc2adb3b095a31cd993656c32e7f9384c9a0a1c,authoritative compact Llama evidence,current_llama,python src/prepare_geometry_dataset.py
artifacts/llama/lofo/causal_mapping/prediction_metrics.json,metadata_or_records,llama,1228,5733b1b07f3e5134cf909b5381490b6ac0ecc81dd02ff8b0a294e1f8e127a8c0,authoritative compact Llama evidence,current_llama,python src/prepare_geometry_dataset.py
artifacts/llama/lofo/causal_mapping/prediction_metrics_by_outcome.csv,numerical_evidence,llama,541,18e4c3fcef8989cfd33acb4448fca9f93b03f85122b4975907ee5d4d5d0c9344,authoritative compact Llama evidence,current_llama,python src/prepare_geometry_dataset.py
artifacts/llama/lofo/causal_mapping/predictions_test.csv,numerical_evidence,llama,37254,f891dc436b3a58dfd1f8e9d145e7a52b0600eb5f864da6c9f96701d2544ac7a2,authoritative compact Llama evidence,current_llama,python src/prepare_geometry_dataset.py
artifacts/llama/lofo/causal_mapping/ranking_metrics.json,metadata_or_records,llama,745,01804896fc206f088d00d0ca3f81190f8d0b9e8d13cb626140f51682ffff55b4,authoritative compact Llama evidence,current_llama,python src/prepare_geometry_dataset.py
artifacts/llama/lofo/causal_mapping/ranking_metrics_by_episode.csv,numerical_evidence,llama,12252,8c8b732d925152283f2e5fbf7ea0e87f3ce568194fc55dfb6800de06b25a2d67,authoritative compact Llama evidence,current_llama,python src/prepare_geometry_dataset.py
artifacts/llama/lofo/factual_association/compiler_selection.csv,numerical_evidence,llama,5614,ad0adaaf7587a377472e6070e8643be8c55baa630ae246066b9ce4bfddbcae53,authoritative compact Llama evidence,current_llama,python src/prepare_geometry_dataset.py
artifacts/llama/lofo/factual_association/compiler_selection_summary.json,metadata_or_records,llama,1037,9c395eb740a63135dad6cb054fe1396f68badecfc3ad5ecdcf71896490bf5def,authoritative compact Llama evidence,current_llama,python src/prepare_geometry_dataset.py
artifacts/llama/lofo/factual_association/feature_standardizer.json,metadata_or_records,llama,13375,954d644c9508f1c307b31712b76a9eaa1562ae5d5c9d5ceeb78480b2ddef9cd8,authoritative compact Llama evidence,current_llama,python src/prepare_geometry_dataset.py
artifacts/llama/lofo/factual_association/model_metadata.json,metadata_or_records,llama,12119,3091dc56d160a47f147d4c73e1195d67734ef0dda269a9e64ef8a356338c604a,authoritative compact Llama evidence,current_llama,python src/prepare_geometry_dataset.py
artifacts/llama/lofo/factual_association/prediction_metrics.json,metadata_or_records,llama,1236,28f92cdf0d4f4a70d6bfb8849013218980111481cd61928fe94a7626fec052dc,authoritative compact Llama evidence,current_llama,python src/prepare_geometry_dataset.py
artifacts/llama/lofo/factual_association/prediction_metrics_by_outcome.csv,numerical_evidence,llama,546,65eeb1247c749ac678a9be2022069d54e36b14919adb10ef86397d8c2233a6d3,authoritative compact Llama evidence,current_llama,python src/prepare_geometry_dataset.py
artifacts/llama/lofo/factual_association/predictions_test.csv,numerical_evidence,llama,38676,40bd73363e880045050b69ac4e21ec8797cd60639ed87a03049e5be571d21b6e,authoritative compact Llama evidence,current_llama,python src/prepare_geometry_dataset.py
artifacts/llama/lofo/factual_association/ranking_metrics.json,metadata_or_records,llama,749,6a46c6e885d82be76c8e1153bf0d56da6f92c7ba8745a83f5352a70c377bd500,authoritative compact Llama evidence,current_llama,python src/prepare_geometry_dataset.py
artifacts/llama/lofo/factual_association/ranking_metrics_by_episode.csv,numerical_evidence,llama,12706,f3795663793dff7b4679c3bf0ff51498979d3fa20be4e1aac30afc43a2c66451,authoritative compact Llama evidence,current_llama,python src/prepare_geometry_dataset.py
artifacts/llama/lofo/lexical_binding/compiler_selection.csv,numerical_evidence,llama,5462,5954ce39f51f94c48495a57ac6867e9bb82c78375aa328e73bc9e7165e04ec77,authoritative compact Llama evidence,current_llama,python src/prepare_geometry_dataset.py
artifacts/llama/lofo/lexical_binding/compiler_selection_summary.json,metadata_or_records,llama,1002,2bbacfd8eb2a53514547332526e499a0d9425ed11d3c3ccac4bb0e0890aacbd0,authoritative compact Llama evidence,current_llama,python src/prepare_geometry_dataset.py
artifacts/llama/lofo/lexical_binding/feature_standardizer.json,metadata_or_records,llama,13361,6b3792274c8e01b9ea93da7c84fc03e98364f24476d4695ecba1ee9638bf4e74,authoritative compact Llama evidence,current_llama,python src/prepare_geometry_dataset.py
artifacts/llama/lofo/lexical_binding/model_metadata.json,metadata_or_records,llama,12120,e771f329a2536a1659a9b48ab474e6f05795cad64fe451b2161ff87b9d0c620b,authoritative compact Llama evidence,current_llama,python src/prepare_geometry_dataset.py
artifacts/llama/lofo/lexical_binding/prediction_metrics.json,metadata_or_records,llama,1227,41b66be69c25a5d86a4f779b673dbcd2a0ab454392e4922203494588eed3b9b7,authoritative compact Llama evidence,current_llama,python src/prepare_geometry_dataset.py
artifacts/llama/lofo/lexical_binding/prediction_metrics_by_outcome.csv,numerical_evidence,llama,535,10a8994cf59c99e74fa8f8e05e61a127df8d0db84e0c6855888cf6699cf92b8f,authoritative compact Llama evidence,current_llama,python src/prepare_geometry_dataset.py
artifacts/llama/lofo/lexical_binding/predictions_test.csv,numerical_evidence,llama,38669,278e5728684f2e3757ef131888705478006781d6db761b426984156eef9cc0b3,authoritative compact Llama evidence,current_llama,python src/prepare_geometry_dataset.py
artifacts/llama/lofo/lexical_binding/ranking_metrics.json,metadata_or_records,llama,733,e8b8cdde52413af2a9929c02193cfdc23a8917e4054b29b8bd1024cd73a26cf0,authoritative compact Llama evidence,current_llama,python src/prepare_geometry_dataset.py
artifacts/llama/lofo/lexical_binding/ranking_metrics_by_episode.csv,numerical_evidence,llama,12458,c0cc3344b3b0a8c47b4014146bdbb46287bf43704ae506e82507e0db374491a7,authoritative compact Llama evidence,current_llama,python src/prepare_geometry_dataset.py
artifacts/llama/lofo/lofo_appendix_metrics.csv,numerical_evidence,llama,934,a21ac862721f1fe31d0d8d26b7009f7d49198bef3f8c8bfdffe2b275a7f371c3,authoritative compact Llama evidence,current_llama,python src/prepare_geometry_dataset.py
artifacts/llama/lofo/lofo_appendix_metrics.metadata.json,metadata_or_records,llama,2314,1f02b89c646f41de8ef9615f46f102ec5e012b31b37e22d0615bbc2b1da584cc,authoritative compact Llama evidence,current_llama,python src/prepare_geometry_dataset.py
artifacts/llama/lofo/lofo_summary.csv,numerical_evidence,llama,2061,90775fe56b494276d583aa002b947d8c28d0d886c470463df129ae547a20e281,authoritative compact Llama evidence,current_llama,python src/prepare_geometry_dataset.py
artifacts/llama/lofo/lofo_summary.json,metadata_or_records,llama,6028,52ad5d6e278a62312895af08b17b8b1d8151ea55eb3e4526bb901c9b135facf3,authoritative compact Llama evidence,current_llama,python src/prepare_geometry_dataset.py
artifacts/llama/lofo/procedural_reasoning/compiler_selection.csv,numerical_evidence,llama,5558,64d86515c42028673167b1672397596b111ad1a2b664c16e02439e8a65d69656,authoritative compact Llama evidence,current_llama,python src/prepare_geometry_dataset.py
artifacts/llama/lofo/procedural_reasoning/compiler_selection_summary.json,metadata_or_records,llama,932,916aa214e45b4052dec970cc8faa117fde8c22f935a86a89b592023b630fcc49,authoritative compact Llama evidence,current_llama,python src/prepare_geometry_dataset.py
artifacts/llama/lofo/procedural_reasoning/feature_standardizer.json,metadata_or_records,llama,13387,5cfaf1a07d1b75006d0f90c68ba77bbce4dba54ce6e5ff5dafbd4a612d31c4c4,authoritative compact Llama evidence,current_llama,python src/prepare_geometry_dataset.py
artifacts/llama/lofo/procedural_reasoning/model_metadata.json,metadata_or_records,llama,12118,89053d027d05b90a8082bec8d880da33f80dbcc033309574bf9a5cbcdada486c,authoritative compact Llama evidence,current_llama,python src/prepare_geometry_dataset.py
artifacts/llama/lofo/procedural_reasoning/prediction_metrics.json,metadata_or_records,llama,1237,a389f2c3b3087caea3c1e1de3a7e230696399631f275ca73c49b4b17463005c3,authoritative compact Llama evidence,current_llama,python src/prepare_geometry_dataset.py
artifacts/llama/lofo/procedural_reasoning/prediction_metrics_by_outcome.csv,numerical_evidence,llama,547,4ccaf00a1f1173a8156c4ee3c17f481c8291983bbd9934aa18141537dfbc0eb2,authoritative compact Llama evidence,current_llama,python src/prepare_geometry_dataset.py
artifacts/llama/lofo/procedural_reasoning/predictions_test.csv,numerical_evidence,llama,38814,5048a2b7ae284f20a046ebae48f665833b882a5e70798261d6866a3ce5563daf,authoritative compact Llama evidence,current_llama,python src/prepare_geometry_dataset.py
artifacts/llama/lofo/procedural_reasoning/ranking_metrics.json,metadata_or_records,llama,750,2659a76541c32c50fc0d4b07303a904b7cb7b4a1a278cd1d6f71722ce805afcb,authoritative compact Llama evidence,current_llama,python src/prepare_geometry_dataset.py
artifacts/llama/lofo/procedural_reasoning/ranking_metrics_by_episode.csv,numerical_evidence,llama,12639,3994bf1b7ee4e3cbd32cee514eea7278b7088dedd48c906ad3892cda43040466,authoritative compact Llama evidence,current_llama,python src/prepare_geometry_dataset.py
artifacts/llama/prediction/feature_standardizer.json,metadata_or_records,llama,15626,2de638d9130ff46722cb529c3a289829f8bb5e4e15b1ed801034a0b0ad4e1113,authoritative compact Llama evidence,current_llama,python src/prepare_geometry_dataset.py
artifacts/llama/prediction/model_metadata.json,metadata_or_records,llama,11881,8c7256f68c1ff8a28dfbe6444691454c5114e277f7151e700510e3f23ed3923b,authoritative compact Llama evidence,current_llama,python src/prepare_geometry_dataset.py
artifacts/llama/prediction/prediction_metrics.json,metadata_or_records,llama,1874,3bc2f3b6c862ff9c31bcd22f9ae05d86bec3d284667ac85b56e26e1170d3185c,authoritative compact Llama evidence,current_llama,python src/prepare_geometry_dataset.py
artifacts/llama/prediction/prediction_metrics_by_outcome.csv,numerical_evidence,llama,874,4310a0a920dbdee771e05c739b2b1f91f083d430230b5de655e9876258d7f857,authoritative compact Llama evidence,current_llama,python src/prepare_geometry_dataset.py
artifacts/llama/prediction/predictions_test.csv,numerical_evidence,llama,219045,a2eea53f90e9f477c3ad9807042a62c7ac2674a5e65f78d87a21ef7316d25cbf,authoritative compact Llama evidence,current_llama,python src/prepare_geometry_dataset.py
artifacts/llama/prediction/ranking_metrics.json,metadata_or_records,llama,1139,170d71d43216a82065eb001597f9d74b81a49869f60a320f3859029ef5265cde,authoritative compact Llama evidence,current_llama,python src/prepare_geometry_dataset.py
artifacts/llama/prediction/ranking_metrics_by_episode.csv,numerical_evidence,llama,91126,6097f6c2af2e0dac7945fa31f25f293c5ef36ce3d3e527acbcc26c65d96eccb9,authoritative compact Llama evidence,current_llama,python src/prepare_geometry_dataset.py
artifacts/llama/selection/compiler_evaluation.csv,numerical_evidence,llama,43220,5f2c919168b9a10bd9ab27bb98a84029c000edcff82b58f2ce848394e5fedbb3,authoritative compact Llama evidence,current_llama,python src/prepare_geometry_dataset.py
artifacts/llama/selection/compiler_evaluation_summary.json,metadata_or_records,llama,515,9972e07c05df2a74362d72ad1df6929d81d52223036d36cdf8ac8b2f0efb7589,authoritative compact Llama evidence,current_llama,python src/prepare_geometry_dataset.py
artifacts/llama/selection/predictions_test_eval.csv,numerical_evidence,llama,238997,418dff5b53290ce897177db7840db3eba74e397b532a91ddbb231940f8f17659,authoritative compact Llama evidence,current_llama,python src/prepare_geometry_dataset.py
artifacts/llama/selection/utility_specs/balanced.csv,numerical_evidence,llama,43220,5f2c919168b9a10bd9ab27bb98a84029c000edcff82b58f2ce848394e5fedbb3,authoritative compact Llama evidence,current_llama,python src/prepare_geometry_dataset.py
artifacts/llama/selection/utility_specs/balanced.json,metadata_or_records,llama,515,9972e07c05df2a74362d72ad1df6929d81d52223036d36cdf8ac8b2f0efb7589,authoritative compact Llama evidence,current_llama,python src/prepare_geometry_dataset.py
artifacts/llama/selection/utility_specs/boundedness_heavy.csv,numerical_evidence,llama,42547,18e606eff47d3ff850f041d03f3cf25ca684a852599a953f6b378f5f933377da,authoritative compact Llama evidence,current_llama,python src/prepare_geometry_dataset.py
artifacts/llama/selection/utility_specs/boundedness_heavy.json,metadata_or_records,llama,515,ccf79c52038f750a296dc617237664b063354a257d536634384aafc189e35d5e,authoritative compact Llama evidence,current_llama,python src/prepare_geometry_dataset.py
artifacts/llama/selection/utility_specs/preservation_heavy.csv,numerical_evidence,llama,43128,18fd786a0a1ab75fb7412caaad8b030bd3b1025b39a6052b2b2523454f6b676c,authoritative compact Llama evidence,current_llama,python src/prepare_geometry_dataset.py
artifacts/llama/selection/utility_specs/preservation_heavy.json,metadata_or_records,llama,514,15cb45dc6de8dd112e10d352d55e59049afaa2319e1b8c2463cbbfed02d9de69,authoritative compact Llama evidence,current_llama,python src/prepare_geometry_dataset.py
artifacts/llama/selection/utility_specs/transfer_heavy.csv,numerical_evidence,llama,43392,e419e1bbb31320119481549531daf5c3ed388c29bed9dcd4a0dff212788c8933,authoritative compact Llama evidence,current_llama,python src/prepare_geometry_dataset.py
artifacts/llama/selection/utility_specs/transfer_heavy.json,metadata_or_records,llama,515,7e39e30014cdc5051efbca8d69a2eed7d281b2759b49bddad3759244485035be,authoritative compact Llama evidence,current_llama,python src/prepare_geometry_dataset.py
artifacts/llama/selection/utility_specs/weighted_fixed_baselines.csv,numerical_evidence,llama,1349,7948a9d30edf839c2b1097851f6012d193b0c68c0ff7bbed81aec2bf87e7a08e,authoritative compact Llama evidence,current_llama,python src/prepare_geometry_dataset.py
artifacts/localization/cross_model/cross_model_manifest.csv,numerical_evidence,localization,20853,e489f167133691448ba504bbfcfd6c5651f1149520e84b1d903660adb1aabeea,compact localization evidence,objective_specific_release,python scripts/reproduce/analyze_cross_model_geometry.py
artifacts/localization/cross_model/geometry_analysis/cross_model_best_region_agreement.csv,numerical_evidence,localization,2860,e48c5e434cdd6be7a8c7ba4de97e0b5aa1f2e7da4f610db10344210b59f8580d,compact localization evidence,objective_specific_release,python scripts/reproduce/analyze_cross_model_geometry.py
artifacts/localization/cross_model/geometry_analysis/cross_model_best_region_agreement_table.tex,analysis_report,localization,890,da2e1ff1a407d56b8b7ba92327405897e672a7fd9fce0ee65194f213b0ec2535,compact localization evidence,objective_specific_release,python scripts/reproduce/analyze_cross_model_geometry.py
artifacts/localization/cross_model/geometry_analysis/cross_model_best_regions.csv,numerical_evidence,localization,8368,a24d66d0a940ebc35979168c65bb6e83f89c71660ef43776b0e161ff439ce152,compact localization evidence,objective_specific_release,python scripts/reproduce/analyze_cross_model_geometry.py
artifacts/localization/cross_model/geometry_analysis/cross_model_geometry_profiles_by_seed.csv,numerical_evidence,localization,18009,4b23e5ef054e60e6c414972b7770a99131ad4e5ac21e7d050e6095b6e06cc4d9,compact localization evidence,objective_specific_release,python scripts/reproduce/analyze_cross_model_geometry.py
artifacts/localization/cross_model/geometry_analysis/cross_model_geometry_report.md,analysis_report,localization,2549,be80da8d53864f9fc38486c387e83c90530c4b9f33700532a77222028985c7be,compact localization evidence,objective_specific_release,python scripts/reproduce/analyze_cross_model_geometry.py
artifacts/localization/cross_model/geometry_analysis/cross_model_geometry_similarity.csv,numerical_evidence,localization,5034,0a65ab7f12f185aad09f0514a661ce17ff2d08fa52769ad0ededb61ff81ad0b8,compact localization evidence,objective_specific_release,python scripts/reproduce/analyze_cross_model_geometry.py
artifacts/localization/cross_model/geometry_analysis/cross_model_geometry_similarity_summary.csv,numerical_evidence,localization,970,d12303e0ef099a802f5d494ee14479ca4a88096d08344c46f5d936b66e07dec9,compact localization evidence,objective_specific_release,python scripts/reproduce/analyze_cross_model_geometry.py
artifacts/localization/cross_model/geometry_analysis/cross_model_geometry_similarity_table.tex,analysis_report,localization,330,c7479f51984b4f6c43e39b21df46014c75421351131daee8ec453c7e042e8102,compact localization evidence,objective_specific_release,python scripts/reproduce/analyze_cross_model_geometry.py
artifacts/localization/cross_model/geometry_analysis/cross_model_mislocation_penalties_by_seed.csv,numerical_evidence,localization,72781,cd43722b8c3f030f14d7c49f4a45dd5dbd91b12bf476d2e8b0e4990769efd43b,compact localization evidence,objective_specific_release,python scripts/reproduce/analyze_cross_model_geometry.py
artifacts/localization/cross_model/geometry_analysis/cross_model_mislocation_penalty_summary.csv,numerical_evidence,localization,19639,ad551e6e2e784acdb96374233a0b05820ac6fdf89055aa50cbefe13f8344d74e,compact localization evidence,objective_specific_release,python scripts/reproduce/analyze_cross_model_geometry.py
artifacts/localization/cross_model/geometry_analysis/cross_model_mislocation_sign_agreement.csv,numerical_evidence,localization,1093,54c51a982f3bef7615448685730a1f338503019cb5d625e80f2c9c63931b3776,compact localization evidence,objective_specific_release,python scripts/reproduce/analyze_cross_model_geometry.py
artifacts/localization/cross_model/geometry_analysis/cross_model_mislocation_sign_agreement_table.tex,analysis_report,localization,435,8fad9519d3f8065f019cad91ea3e5da0fcbc1756a452bd583dca92dfc2ff3232,compact localization evidence,objective_specific_release,python scripts/reproduce/analyze_cross_model_geometry.py
artifacts/localization/cross_model/geometry_analysis/cross_model_permutation_tests.json,metadata_or_records,localization,286,a6603c50db5fde3806804be3e5fbe8f9723f4fb2568fb9185c68729f54102ed1,compact localization evidence,objective_specific_release,python scripts/reproduce/analyze_cross_model_geometry.py
artifacts/localization/cross_model/geometry_analysis/cross_model_variance_decomposition.json,metadata_or_records,localization,442,22fc06aee8f7cf504f56780fbe72183e9b78ab679053ab9b5358cdac3ddb8523,compact localization evidence,objective_specific_release,python scripts/reproduce/analyze_cross_model_geometry.py
artifacts/localization/cross_model/README.md,analysis_report,localization,19359,42cc10d373fd365dd1003ef8dc965e08fb1bf8bcf40a7e0d9d868f1081642b76,compact localization evidence,objective_specific_release,python scripts/reproduce/analyze_cross_model_geometry.py
artifacts/localization/cross_model/summary_cross_model_aggregate.csv,numerical_evidence,localization,22772,acb4fc4b14361c56be25e24d3b185b1bd3cb28be4b2fe15ec143c615a0f482f1,compact localization evidence,objective_specific_release,python scripts/reproduce/analyze_cross_model_geometry.py
artifacts/localization/cross_model/summary_cross_model_by_seed.csv,numerical_evidence,localization,128944,6062dfcd3554a0c5c536e78d2b6f91921badc34ac206aeb39478379f48ee8bc6,compact localization evidence,objective_specific_release,python scripts/reproduce/analyze_cross_model_geometry.py
artifacts/localization/parameter_matched/audits/behavioral_conservative_rejection_audit.csv,numerical_evidence,localization,7807,e0196c4579e127db7ab1ba74a3e0a13b17f7be70c90a3ba44076ba7982c807dd,compact localization evidence,objective_specific_release,python scripts/experiments/localization/run_parameter_matched_localization_controls.py --summary_only
artifacts/localization/parameter_matched/audits/causal_mapping_output_audit.csv,numerical_evidence,localization,22589,6cf2b27c230c57e6704cad6729be4c58cd2ce198aba66822acdb468ab0190c42,compact localization evidence,objective_specific_release,python scripts/experiments/localization/run_parameter_matched_localization_controls.py --summary_only
artifacts/localization/parameter_matched/audits/procedural_conservative_rejection_audit.csv,numerical_evidence,localization,29464,8e0c9288a0bfc7cf9b578cf30cf97de3fe9844e18e6785a5566c1f4d7c6dc3a5,compact localization evidence,objective_specific_release,python scripts/experiments/localization/run_parameter_matched_localization_controls.py --summary_only
artifacts/localization/parameter_matched/mislocation_full_reduced_rank/mislocation_penalties_by_seed.csv,numerical_evidence,localization,15349,bda23352c38fb2a89796198a76a3cb3cb4a5ec410bbd3e41b6313e4cd6a55be1,compact localization evidence,objective_specific_release,python scripts/experiments/localization/run_parameter_matched_localization_controls.py --summary_only
artifacts/localization/parameter_matched/mislocation_full_reduced_rank/mislocation_penalty_summary_long.csv,numerical_evidence,localization,16145,9d4ef6d15bc1117e6c705a50ab23126090bae7c228cd6681fbd470682f075076,compact localization evidence,objective_specific_release,python scripts/experiments/localization/run_parameter_matched_localization_controls.py --summary_only
artifacts/localization/parameter_matched/mislocation_full_reduced_rank/mislocation_penalty_summary_wide.csv,numerical_evidence,localization,8212,3d7e15cc56ca8f3b12a098a23c27feab3d4e8768efd12d34b64d1b4928119d6f,compact localization evidence,objective_specific_release,python scripts/experiments/localization/run_parameter_matched_localization_controls.py --summary_only
artifacts/localization/parameter_matched/mislocation_full_reduced_rank/mislocation_penalty_table.tex,analysis_report,localization,1975,c09dad455cc88cb875760af24d682481f35474e6825379d31037ae6e56426c5f,compact localization evidence,objective_specific_release,python scripts/experiments/localization/run_parameter_matched_localization_controls.py --summary_only
artifacts/localization/parameter_matched/mislocation_full_reduced_rank/mislocation_report.md,analysis_report,localization,7385,53f8eb3e7d879a4c34c3ddf8919a885ef8b6825d1dcd5155e7ea8a8d4c8658fd,compact localization evidence,objective_specific_release,python scripts/experiments/localization/run_parameter_matched_localization_controls.py --summary_only
artifacts/localization/parameter_matched/mislocation_localized_expanded_rank/mislocation_penalties_by_seed.csv,numerical_evidence,localization,15431,6fbb0115eb8c92f837768cac4668bfb168171aac002fa27ca83be0948dea368a,compact localization evidence,objective_specific_release,python scripts/experiments/localization/run_parameter_matched_localization_controls.py --summary_only
artifacts/localization/parameter_matched/mislocation_localized_expanded_rank/mislocation_penalty_summary_long.csv,numerical_evidence,localization,16382,d4978a8b5af37f9b5437debf116213cf972e5e8a3dd4ad1395ec48747d8d2f95,compact localization evidence,objective_specific_release,python scripts/experiments/localization/run_parameter_matched_localization_controls.py --summary_only
artifacts/localization/parameter_matched/mislocation_localized_expanded_rank/mislocation_penalty_summary_wide.csv,numerical_evidence,localization,8227,f0670ba7c66c6c0aeb4e4bc74344826d74b9ced5634b0dbbb8aaa619859179b4,compact localization evidence,objective_specific_release,python scripts/experiments/localization/run_parameter_matched_localization_controls.py --summary_only
artifacts/localization/parameter_matched/mislocation_localized_expanded_rank/mislocation_penalty_table.tex,analysis_report,localization,1983,9080eadbff353946a9dc84d105d79c5bf4f803b222c4e1986dfb470cb5f73fb7,compact localization evidence,objective_specific_release,python scripts/experiments/localization/run_parameter_matched_localization_controls.py --summary_only
artifacts/localization/parameter_matched/mislocation_localized_expanded_rank/mislocation_report.md,analysis_report,localization,7363,643255cf443d3b055542a31587a334345c7224863bbdbb6c5a9959d1c17ad376,compact localization evidence,objective_specific_release,python scripts/experiments/localization/run_parameter_matched_localization_controls.py --summary_only
artifacts/localization/parameter_matched/parameter_matched_manifest.csv,numerical_evidence,localization,93377,af38d2657d26ed107d252ad5511ec03f2ec538f5e37a08a6b07a930b44752486,compact localization evidence,objective_specific_release,python scripts/experiments/localization/run_parameter_matched_localization_controls.py --summary_only
artifacts/localization/parameter_matched/procedural_conservative_rejection_audit.csv,numerical_evidence,localization,7709,43afbb883fc395bfd5514f97f14d0fe15278b69c38841390d3bfe3b38d9056e9,compact localization evidence,objective_specific_release,python scripts/experiments/localization/run_parameter_matched_localization_controls.py --summary_only
artifacts/localization/parameter_matched/statistics_full_reduced_rank/adaptation_balanced_scores.csv,numerical_evidence,localization,1466,3f7951fc4119380b3fb5f5f280a1db69667cfeaefbc8b468c1d94949caa6f21d,compact localization evidence,objective_specific_release,python scripts/experiments/localization/run_parameter_matched_localization_controls.py --summary_only
artifacts/localization/parameter_matched/statistics_full_reduced_rank/adaptation_geometry_distances.csv,numerical_evidence,localization,603,788d9ef63840470032cc45c597046a55b1328f51db3ac34655db8bd173d6bace,compact localization evidence,objective_specific_release,python scripts/experiments/localization/run_parameter_matched_localization_controls.py --summary_only
artifacts/localization/parameter_matched/statistics_full_reduced_rank/adaptation_geometry_metrics.csv,numerical_evidence,localization,2026,5adc80b5f284a04c96f359ecc9d5f304d07d6bf43f03228952e12f618e3acdfb,compact localization evidence,objective_specific_release,python scripts/experiments/localization/run_parameter_matched_localization_controls.py --summary_only
artifacts/localization/parameter_matched/statistics_full_reduced_rank/geometry_omnibus_test.json,metadata_or_records,localization,442,40bed57a30a10c0e6b84e8b486ef5ed91c649a4d4550395026e2877dd6c94f51,compact localization evidence,objective_specific_release,python scripts/experiments/localization/run_parameter_matched_localization_controls.py --summary_only
artifacts/localization/parameter_matched/statistics_full_reduced_rank/localization_descriptive_stats.csv,numerical_evidence,localization,6101,ed69620cd5255d0acba93c91cb9ed8f0199dfac8c7b092ac29818696f20e5832,compact localization evidence,objective_specific_release,python scripts/experiments/localization/run_parameter_matched_localization_controls.py --summary_only
artifacts/localization/parameter_matched/statistics_full_reduced_rank/localization_planned_contrasts.csv,numerical_evidence,localization,2768,1e12d3d80aa058019d7b9efc904ad1d94f5fc577b3a9b4bb0e25e73081a9ae07,compact localization evidence,objective_specific_release,python scripts/experiments/localization/run_parameter_matched_localization_controls.py --summary_only
artifacts/localization/parameter_matched/statistics_full_reduced_rank/localization_statistics_report.md,analysis_report,localization,3850,e344ae812f9cecd4fd04ef33480fb27d4e71e0f5cee648f4fd3b8136660f29d1,compact localization evidence,objective_specific_release,python scripts/experiments/localization/run_parameter_matched_localization_controls.py --summary_only
artifacts/localization/parameter_matched/statistics_localized_expanded_rank/adaptation_balanced_scores.csv,numerical_evidence,localization,1467,8bb9d077cf9531b9d0e7dc7142932e3734e84dabf41b7e5bbe53b21541f3a463,compact localization evidence,objective_specific_release,python scripts/experiments/localization/run_parameter_matched_localization_controls.py --summary_only
artifacts/localization/parameter_matched/statistics_localized_expanded_rank/adaptation_geometry_distances.csv,numerical_evidence,localization,605,fd4908594113e7424a12f7b17fdf96bb7c54b89c40c6412f567fe55292b1cb69,compact localization evidence,objective_specific_release,python scripts/experiments/localization/run_parameter_matched_localization_controls.py --summary_only
artifacts/localization/parameter_matched/statistics_localized_expanded_rank/adaptation_geometry_metrics.csv,numerical_evidence,localization,2009,6c1aa74462e1c31f8c28ac31e0890770c344ab7898df23e4f6be3b26c48a0523,compact localization evidence,objective_specific_release,python scripts/experiments/localization/run_parameter_matched_localization_controls.py --summary_only
artifacts/localization/parameter_matched/statistics_localized_expanded_rank/geometry_omnibus_test.json,metadata_or_records,localization,441,4e978f7fbc5d31af1638d6369029d28b95f61f04a15fd0e6adfa6dc513101d00,compact localization evidence,objective_specific_release,python scripts/experiments/localization/run_parameter_matched_localization_controls.py --summary_only
artifacts/localization/parameter_matched/statistics_localized_expanded_rank/localization_descriptive_stats.csv,numerical_evidence,localization,6131,5b63faeabb39fa71ed3532532a1b99463867b1fd78d12470ad47b85167351abf,compact localization evidence,objective_specific_release,python scripts/experiments/localization/run_parameter_matched_localization_controls.py --summary_only
artifacts/localization/parameter_matched/statistics_localized_expanded_rank/localization_planned_contrasts.csv,numerical_evidence,localization,2771,dfc34daacc180129c3a389639809b74a83e281c435c2ce7c133e2ce9fa2e05d7,compact localization evidence,objective_specific_release,python scripts/experiments/localization/run_parameter_matched_localization_controls.py --summary_only
artifacts/localization/parameter_matched/statistics_localized_expanded_rank/localization_statistics_report.md,analysis_report,localization,3861,095538702561130a4bd08ab6994f37e9176e2240524960c5fc0fc8983ea80d23,compact localization evidence,objective_specific_release,python scripts/experiments/localization/run_parameter_matched_localization_controls.py --summary_only
artifacts/localization/parameter_matched/summary_parameter_matched_aggregate.csv,numerical_evidence,localization,8759,e1d7f152918e03fd9c4adbc804af26dd797aabaf99b24505f99f55289722d60b,compact localization evidence,objective_specific_release,python scripts/experiments/localization/run_parameter_matched_localization_controls.py --summary_only
artifacts/localization/parameter_matched/summary_parameter_matched_by_seed.csv,numerical_evidence,localization,51701,d5ddad46fda1f114ea7f063fefe895e04ecb4e7578658cc712595c31c0d02e52,compact localization evidence,objective_specific_release,python scripts/experiments/localization/run_parameter_matched_localization_controls.py --summary_only
artifacts/localization/parameter_matched/summary_parameter_matched_by_seed_full_reduced_rank.csv,numerical_evidence,localization,27397,a7ea81295db482c4a7145ce92a39dab6b2bc90bd039f926f6f9d0ff0e5e9fdf4,compact localization evidence,objective_specific_release,python scripts/experiments/localization/run_parameter_matched_localization_controls.py --summary_only
artifacts/localization/parameter_matched/summary_parameter_matched_by_seed_localized_expanded_rank.csv,numerical_evidence,localization,28663,e142f410674c98af5dd5d892929154dc4ce6d6562dde46b6eff08954bb46e7be,compact localization evidence,objective_specific_release,python scripts/experiments/localization/run_parameter_matched_localization_controls.py --summary_only
artifacts/localization/primary/cross_objective_localization/cross_objective_localization_profile.csv,numerical_evidence,localization,3016,e513e5db936ba27f29c94175e12d9b0d8ae5b41520a86d4e5b0c91e8a47651fc,compact localization evidence,objective_specific_release,python scripts/reproduce/make_cross_objective_localization_table.py
artifacts/localization/primary/cross_objective_localization/cross_objective_localization_profile_by_seed.csv,numerical_evidence,localization,9142,b611e745ae4898e781b094a197ba7ccdbe41cb507a921dcbfd287abae2ddf323,compact localization evidence,objective_specific_release,python scripts/reproduce/make_cross_objective_localization_table.py
artifacts/localization/primary/cross_objective_localization/cross_objective_localization_table.tex,analysis_report,localization,3388,f1bea1fd23acab785470a0b159772e56256d048967c433aeaa1afe9eda1e2db5,compact localization evidence,objective_specific_release,python scripts/reproduce/make_cross_objective_localization_table.py
artifacts/localization/primary/cross_objective_localization/cross_objective_localization_table_appendix_mean_sd.tex,analysis_report,localization,3173,3d7e42b95eff990bcc77b4a26423a109e1da017107a41dbd191e14aa897828ed,compact localization evidence,objective_specific_release,python scripts/reproduce/make_cross_objective_localization_table.py
artifacts/localization/primary/cross_objective_localization/cross_objective_localization_table_by_seed.csv,numerical_evidence,localization,9687,46e0a9cc3dc796404cc1c050ce11dc1a82db26396111836e6d0428a12f166fcd,compact localization evidence,objective_specific_release,python scripts/reproduce/make_cross_objective_localization_table.py
artifacts/localization/primary/cross_objective_localization/cross_objective_localization_table_formatted.csv,numerical_evidence,localization,2181,85bbd602cbe8b36b602138a0e559992c8573e44067163e7ff8b4c292df48f2d8,compact localization evidence,objective_specific_release,python scripts/reproduce/make_cross_objective_localization_table.py
artifacts/localization/primary/cross_objective_localization/cross_objective_localization_table_main.tex,analysis_report,localization,1939,3a10e4c3cbd0874972ae38e7f9989684f46ab436ac78e14aa426e5a70f278fa2,compact localization evidence,objective_specific_release,python scripts/reproduce/make_cross_objective_localization_table.py
artifacts/localization/primary/cross_objective_localization/cross_objective_localization_table_main_means.csv,numerical_evidence,localization,1633,676e41555f9e8891721dc6e8b2388d7073ec1ba9704e0da9a81ae34a14ca4918,compact localization evidence,objective_specific_release,python scripts/reproduce/make_cross_objective_localization_table.py
artifacts/localization/primary/cross_objective_localization/cross_objective_localization_table_raw.csv,numerical_evidence,localization,4500,87f6657a9dc54929c9b309e941da9716ac6b6401b71fc20be2f50cd30352c4cd,compact localization evidence,objective_specific_release,python scripts/reproduce/make_cross_objective_localization_table.py
artifacts/localization/primary/cross_objective_localization/cross_objective_localization_table_raw_mean_sd.csv,numerical_evidence,localization,4500,87f6657a9dc54929c9b309e941da9716ac6b6401b71fc20be2f50cd30352c4cd,compact localization evidence,objective_specific_release,python scripts/reproduce/make_cross_objective_localization_table.py
artifacts/localization/primary/cross_objective_localization/main_cross_objective_localization_figure_block.tex,analysis_report,localization,1114,eb0ca6ace937e78b32dfabff6c4077b222b1da4512707cfac763cd11da55f429,compact localization evidence,objective_specific_release,python scripts/reproduce/make_cross_objective_localization_table.py
artifacts/localization/primary/localization_statistics/adaptation_balanced_scores.csv,numerical_evidence,localization,1466,fb7476e3244ab69a5e66a83668d99e4fe3270fc12dcafcdf3c53e59ab4ec9ea5,compact localization evidence,objective_specific_release,python scripts/reproduce/make_cross_objective_localization_table.py
artifacts/localization/primary/localization_statistics/adaptation_geometry_distances.csv,numerical_evidence,localization,601,ca9d6305718fdd52631003ddddf4c3becdee142934db44df69c81b4e433949b5,compact localization evidence,objective_specific_release,python scripts/reproduce/make_cross_objective_localization_table.py
artifacts/localization/primary/localization_statistics/adaptation_geometry_metrics.csv,numerical_evidence,localization,1955,57d400de0c5c9d956fab589945304ac1b57fb8d5029198b48e9311c317824394,compact localization evidence,objective_specific_release,python scripts/reproduce/make_cross_objective_localization_table.py
artifacts/localization/primary/localization_statistics/geometry_omnibus_test.json,metadata_or_records,localization,442,447e93cc03f00b93d08383c431d337d854424a511f6b48c49240bedfbe19cf8a,compact localization evidence,objective_specific_release,python scripts/reproduce/make_cross_objective_localization_table.py
artifacts/localization/primary/localization_statistics/localization_descriptive_stats.csv,numerical_evidence,localization,5972,efff4cc4b23b6887fca8212ab4b363ca6751dd194015554079e1ba2296b9a9f6,compact localization evidence,objective_specific_release,python scripts/reproduce/make_cross_objective_localization_table.py
artifacts/localization/primary/localization_statistics/localization_planned_contrasts.csv,numerical_evidence,localization,2738,20161420b25eabb01cd521d2c99538f778273d4611a4c5a2259e44bef72f8db5,compact localization evidence,objective_specific_release,python scripts/reproduce/make_cross_objective_localization_table.py
artifacts/localization/primary/localization_statistics/localization_statistics_report.md,analysis_report,localization,3848,665fad140a75d22d1dddbc9a447dd457bda23e4890cf3ddcee42517c029c561c,compact localization evidence,objective_specific_release,python scripts/reproduce/make_cross_objective_localization_table.py
artifacts/localization/primary/mislocation_analysis/mislocation_penalties_by_seed.csv,numerical_evidence,localization,14760,877fd7fcd629e06718fc6760fe1f1929e857aa9dabd2a04161f98d85aaace718,compact localization evidence,objective_specific_release,python scripts/reproduce/make_cross_objective_localization_table.py
artifacts/localization/primary/mislocation_analysis/mislocation_penalty_summary_long.csv,numerical_evidence,localization,15366,f6dcaf3dbdb18bf7d9a5b86efc54e13dbcb6541699dbb446f9e51118a151789f,compact localization evidence,objective_specific_release,python scripts/reproduce/make_cross_objective_localization_table.py
artifacts/localization/primary/mislocation_analysis/mislocation_penalty_summary_wide.csv,numerical_evidence,localization,7990,c9dc8f8a23c1b0ba3354b6a45b9d60ee6ef82bb29fcb13acf2425775780ce967,compact localization evidence,objective_specific_release,python scripts/reproduce/make_cross_objective_localization_table.py
artifacts/localization/primary/mislocation_analysis/mislocation_penalty_table.tex,analysis_report,localization,1978,c7036a9260bdcacd8e8c831e1551b3ed29873b93db077f888fd68c0735e54821,compact localization evidence,objective_specific_release,python scripts/reproduce/make_cross_objective_localization_table.py
artifacts/localization/primary/mislocation_analysis/mislocation_report.md,analysis_report,localization,7388,083d61ecdd808e8337f9ffaf67ccd14e4c8cce8ae071113acd6aa16387e66544,compact localization evidence,objective_specific_release,python scripts/reproduce/make_cross_objective_localization_table.py
artifacts/localization/primary/primary_llama_audits/behavioral_conservative_rejection_audit.csv,numerical_evidence,localization,3148,67603eed12c20046278424ec0c51ba931fc8245ec17e23e6d86fec0b0b2c4591,compact localization evidence,objective_specific_release,python scripts/reproduce/make_cross_objective_localization_table.py
artifacts/localization/primary/primary_llama_audits/causal_mapping_output_audit.csv,numerical_evidence,localization,10631,2a59cd47758d6ad1975034dc206faa10865ecfc5e31144a59ba404cacc8f76a6,compact localization evidence,objective_specific_release,python scripts/reproduce/make_cross_objective_localization_table.py
artifacts/localization/primary/primary_llama_audits/procedural_conservative_rejection_audit.csv,numerical_evidence,localization,3042,b425dcdb85eb6f92f04aceeb00b0ec3811ef6bb99d6b2c02bd9df88f999d9022,compact localization evidence,objective_specific_release,python scripts/reproduce/make_cross_objective_localization_table.py
